Season,TeamID,TeamName,AdjO,AdjD,Tempo,Rating,Seed,SOS
2008,1,Xavier,116.413,94.068,62.8978,22.3453,3,23.372
2008,2,Wisconsin,113.619,86.2081,60.8809,27.4107,3,28.584
2008,3,Winthrop,99.6932,92.3864,60.9746,7.30673,13,15.705
2008,4,Western Kentucky,111.076,97.011,66.5432,14.0646,12,14.064
2008,5,West Virginia,113.57,93.4302,63.0942,20.14,7,29.445
2008,6,Washington St.,116.272,92.3676,57.7887,23.9044,4,31.951
2008,7,Villanova,108.903,95.9216,67.2121,12.9811,12,29.494
2008,8,Vanderbilt,112.598,99.0821,67.6816,13.5159,4,23.876
2008,9,UT Arlington,101.14,103.138,68.0296,-1.99751,16,9.423
2008,10,USC,110.663,90.6973,64.6004,19.9654,6,36.782
2008,11,UNLV,110.183,96.5636,63.0988,13.6193,8,20.716
2008,12,UMBC,113.762,109.662,63.0741,4.10027,15,11.398
2008,13,UCLA,118.735,88.16,63.1761,30.5753,1,32.362
2008,14,Texas A&M,112.029,92.4268,61.5639,19.6026,9,31.167
2008,15,Texas,119.757,94.9061,63.0818,24.8513,2,34.791
2008,16,Tennessee,117.787,95.4494,69.5841,22.3372,2,31.749
2008,17,Temple,112.696,100.26,62.9596,12.4365,12,22.398
2008,18,Stanford,113.328,89.3924,62.7524,23.9361,3,33.063
2008,19,South Alabama,112.779,100.155,64.0943,12.6239,10,13.287
2008,20,Siena,108.144,101.391,66.6906,6.75339,13,13.952
2008,21,San Diego,101.501,96.9684,62.4343,4.53284,13,20.325
2008,22,Saint Mary's,110.005,94.2943,65.4301,15.7105,10,17.599
2008,23,Saint Joseph's,114.718,100.152,63.5629,14.5658,11,23.976
2008,24,Purdue,109.692,91.6027,65.7787,18.089,6,28.915
2008,25,Portland St.,108.411,102.574,65.7791,5.83665,16,13.96
2008,26,Pittsburgh,116.407,96.8952,63.1376,19.5116,4,33.073
2008,27,Oregon,119.29,102.634,64.9184,16.6554,9,35.62
2008,28,Oral Roberts,104.822,93.6893,62.6931,11.1323,13,16.644
2008,29,Oklahoma,109.474,94.3986,62.5674,15.0751,6,33.332
2008,30,Notre Dame,116.335,97.1396,68.9559,19.1955,5,28.578
2008,31,North Carolina,120.686,92.5415,71.9191,28.1446,1,31.561
2008,32,Mount St. Mary's,99.0167,100.058,65.2309,-1.04085,16,9.636
2008,33,Mississippi Valley St.,92.1127,107.08,62.3905,-14.9674,16,12.999
2008,34,Mississippi St.,107.347,91.5296,65.8268,15.8174,8,23.951
2008,35,Michigan St.,115.444,94.5625,62.7366,20.8814,5,31.132
2008,36,Miami FL,112.167,97.7713,64.7318,14.3957,7,28.829
2008,37,Memphis,114.695,85.3169,67.7113,29.3779,1,20.888
2008,38,Marquette,113.463,91.6188,66.3008,21.8442,6,31.819
2008,39,Louisville,111.828,88.6299,64.6887,23.198,3,30.593
2008,40,Kentucky,106.849,97.1469,61.9035,9.70175,11,27.594
2008,41,Coppin St.,92.4179,106.658,62.2413,-14.2405,16,16.141
2008,42,Kansas St.,113.383,94.4917,69.2125,18.8909,11,31.318
2008,43,Kansas,121.433,87.4681,66.8546,33.9647,1,30.29
2008,44,Indiana,114.362,94.8557,65.6213,19.5064,8,27.986
2008,45,Gonzaga,114.221,94.8911,65.1856,19.3301,7,21.566
2008,46,Georgia,104.018,96.1227,64.1104,7.89531,14,28.873
2008,47,Georgetown,114.989,90.0051,59.8577,24.9836,2,30.985
2008,48,George Mason,111.486,101.207,60.9624,10.2781,12,13.265
2008,49,Duke,117.443,89.8149,70.9709,27.6285,2,34.065
2008,50,Drake,119.786,97.4463,61.8906,22.3393,5,21.783
2008,51,Davidson,114.056,93.5027,66.0806,20.5532,10,17.709
2008,52,Cornell,110.651,105.607,67.2439,5.04434,14,10.553
2008,54,Connecticut,115.173,96.0511,66.6029,19.1215,4,29.747
2008,55,Clemson,114.102,91.7372,67.3837,22.3653,5,32.707
2008,56,Cal St. Fullerton,112.978,104.103,70.926,8.87459,14,10.504
2008,57,BYU,106.852,90.7846,67.4202,16.0675,8,21.025
2008,58,Butler,116.138,96.8401,58.5955,19.2975,7,16.476
2008,59,Boise St.,108.605,104.484,70.2142,4.12039,14,11.798
2008,60,Belmont,109.436,106.857,68.1091,2.57916,15,9.728
2008,61,Baylor,115.389,100.017,69.34,15.3717,11,29.784
2008,62,Austin Peay,104.504,104.677,64.9848,-0.1731,15,9.97
2008,63,Arkansas,109.701,94.8336,66.2236,14.8678,9,25.901
2008,64,Arizona,116.577,96.3494,62.8325,20.2271,10,39.295
2008,65,American,108.308,106.622,59.5974,1.686,15,11.469
2009,4,Alabama St.,101.941,103.957,62.7485,-2.01623,16,10.21
2009,66,Xavier,111.158,92.0625,65.3071,19.0951,4,23.091
2009,67,Wisconsin,113.854,95.8886,58.4386,17.9651,12,31.289
2009,68,Western Kentucky,109.869,102.838,64.2906,7.03093,12,13.931
2009,69,West Virginia,114.693,89.6619,63.2031,25.031,6,35.237
2009,70,Washington,112.741,90.8054,71.7787,21.9358,4,31.603
2009,71,Wake Forest,111.358,91.0587,72.3248,20.299,4,28.789
2009,72,Villanova,113.638,91.9303,66.8453,21.7081,3,31.499
2009,73,VCU,109.286,96.5255,65.3295,12.7601,11,14.657
2009,74,Utah St.,117.04,101.747,59.522,15.293,11,13.773
2009,75,Utah,110.948,91.91,64.0174,19.0381,5,25.174
2009,76,USC,109.428,91.7696,62.8813,17.6587,10,35.137
2009,77,UCLA,119.973,94.8599,64.4791,25.1136,6,29.438
2009,78,Texas A&M,112.024,97.6525,63.1826,14.3716,9,27.139
2009,79,Texas,110.7,92.1925,64.8728,18.5075,7,32.491
2009,80,Tennessee,114.801,98.2193,67.356,16.5817,9,31.113
2009,81,Temple,109.311,94.9885,62.8987,14.3226,11,24.383
2009,82,Syracuse,116.963,95.2698,69.2046,21.693,3,35.819
2009,83,Stephen F. Austin,97.6543,90.9171,61.6881,6.73718,14,11.765
2009,84,Siena,110.158,98.4844,70.1991,11.6737,9,16.254
2009,85,Robert Morris,101.428,99.9183,65.4018,1.5095,15,11.063
2009,86,Radford,101.326,101.791,68.3948,-0.46529,16,11.592
2009,87,Purdue,110.175,88.2115,65.2998,21.9637,5,29.523
2009,88,Portland St.,108.934,104.084,64.4177,4.85027,13,13.308
2009,89,Pittsburgh,121.48,92.002,64.7792,29.4777,1,32.564
2009,90,Oklahoma St.,115.065,97.2997,69.1545,17.7655,8,33.197
2009,91,Oklahoma,117.928,94.6403,66.283,23.2882,2,29.932
2009,92,Ohio St.,113.731,97.2667,61.9585,16.4647,8,32.583
2009,93,Northern Iowa,110.659,100.806,60.1385,9.85203,12,18.798
2009,94,North Dakota St.,113.637,101.211,66.9142,12.4256,14,12.589
2009,95,North Carolina,122.645,94.0872,72.454,28.5574,1,28.827
2009,96,Morgan St.,99.986,98.5712,64.8231,1.41474,15,12.038
2009,97,Morehead St.,102.308,102.325,64.5465,-0.01708,16,13.25
2009,98,Missouri,114.53,91.046,69.8579,23.484,3,27.671
2009,99,Mississippi St.,107.733,95.9223,66.7566,11.8111,13,22.65
2009,100,Minnesota,107.586,91.8263,63.7652,15.7592,10,29.811
2009,101,Michigan St.,112.732,89.9494,65.9592,22.7829,2,32.393
2009,102,Michigan,112.016,97.5173,62.0992,14.4984,10,34.356
2009,103,Memphis,110.759,81.3187,64.5834,29.4398,2,22.225
2009,104,Maryland,108.705,95.4167,65.5865,13.2883,10,31.613
2009,105,Marquette,117.058,96.076,67.198,20.9824,6,29.86
2009,106,LSU,110.576,95.8662,65.4797,14.7097,8,21.393
2009,107,Louisville,109.217,83.849,66.967,25.3676,1,31.05
2009,108,Kansas,114.807,91.6765,66.4233,23.1309,3,30.532
2009,109,Illinois,106.425,87.3285,61.8419,19.0963,5,30.507
2009,110,Gonzaga,116.862,90.9086,66.4288,25.9534,4,24.529
2009,111,Florida St.,105.685,89.7283,65.4367,15.9569,5,32.5
2009,112,East Tennessee St.,106.255,101.161,68.8103,5.09407,16,8.955
2009,113,Duke,117.869,92.541,65.5211,25.3284,2,31.839
2009,114,Dayton,103.115,93.6967,63.8365,9.41849,11,18.192
2009,115,Cornell,108.108,102.611,65.0003,5.49712,14,11.397
2009,116,Connecticut,114.597,86.5571,65.5863,28.0401,1,32.844
2009,117,Cleveland St.,104.438,92.7341,63.1428,11.7042,13,20.688
2009,118,Clemson,116.758,96.4646,67.3639,20.2938,7,26.706
2009,119,Chattanooga,104.271,108.116,68.6926,-3.84568,16,16.373
2009,120,California,116.839,98.6172,65.2261,18.2213,7,32.972
2009,121,Cal St. Northridge,101.374,96.2591,71.325,5.11477,15,16.261
2009,122,BYU,114.296,92.6399,68.4554,21.6562,8,22.349
2009,123,Butler,109.777,93.6264,61.9683,16.1506,9,18.098
2009,124,Boston College,113.378,101.263,64.7471,12.1159,7,26.908
2009,125,Binghamton,101.747,102.618,66.5996,-0.87142,15,8.089
2009,126,Arizona St.,117.682,94.244,58.5891,23.4381,6,32.67
2009,127,Arizona,117.23,101.217,63.6396,16.0133,12,33.867
2009,128,American,104.705,100.204,59.7892,4.50143,14,11.588
2009,130,Akron,102.057,95.0743,64.5005,6.9826,13,14.565
2010,131,Xavier,114.769,94.9437,68.8639,19.8256,6,27.451
2010,132,Wofford,104.267,94.8414,63.1377,9.42513,13,14.561
2010,133,Wisconsin,115.399,89.8348,58.6587,25.564,4,31.074
2010,135,West Virginia,117.329,91.5966,62.3139,25.7322,2,34.312
2010,136,Washington,111.513,93.6021,71.3389,17.9107,11,24.044
2010,137,Wake Forest,106.69,91.7943,68.4678,14.8954,9,30.998
2010,138,Villanova,118.572,95.5965,71.172,22.9755,2,33.157
2010,139,Vermont,103.697,100.573,65.8979,3.12414,16,8.712
2010,140,Vanderbilt,113.609,96.0838,68.4945,17.5253,4,29.018
2010,141,UTEP,107.504,89.9248,67.4737,17.5793,12,19.818
2010,142,Utah St.,116.361,95.0722,59.4224,21.2893,12,15.1
2010,143,UNLV,109.859,92.6156,65.9121,17.2431,8,22.024
2010,144,UC Santa Barbara,100.038,97.6604,66.0756,2.37748,15,13.504
2010,145,Texas A&M,112.093,91.9447,64.0152,20.1487,5,35.891
2010,146,Texas,113.444,92.8117,71.1683,20.6323,8,31.848
2010,147,Tennessee,106.604,89.2115,67.6684,17.3928,6,29.253
2010,148,Temple,107.306,86.2797,59.9751,21.0266,5,23.817
2010,149,Syracuse,118.167,90.5783,68.6909,27.5886,1,28.835
2010,150,Siena,109.569,95.6534,68.3596,13.9156,13,16.852
2010,151,San Diego St.,111.49,94.1721,62.9348,17.3175,11,24.05
2010,152,Sam Houston St.,110.763,103.694,68.6965,7.06873,14,12.73
2010,153,Saint Mary's,116.442,97.0364,66.3664,19.4058,10,17.876
2010,154,Robert Morris,99.6218,101.452,65.7182,-1.83054,15,10.542
2010,155,Richmond,108.108,92.8809,62.1031,15.2274,7,24.758
2010,156,Purdue,110.762,88.1665,65.4793,22.5959,4,29.198
2010,157,Pittsburgh,111.307,92.5315,60.3262,18.7753,3,29.605
2010,158,Old Dominion,107.842,90.1999,62.4677,17.6423,11,20.316
2010,159,Oklahoma St.,111.497,94.9637,66.2045,16.5333,7,30.206
2010,160,Ohio St.,117.429,91.9581,64.023,25.4713,2,30.606
2010,161,Ohio,105.808,98.4546,68.1933,7.35379,14,13.908
2010,162,Oakland,107.635,103.917,68.5659,3.71824,14,18.062
2010,163,Notre Dame,119.809,101.439,62.3372,18.3693,6,27.053
2010,164,Northern Iowa,108.029,89.7638,58.576,18.2648,9,18.366
2010,165,North Texas,102.939,103.298,67.1128,-0.35881,15,10.93
2010,166,New Mexico St.,111.342,105.22,70.1148,6.12172,12,21.528
2010,167,New Mexico,114.142,96.7568,67.1887,17.3849,3,21.234
2010,168,Murray St.,108.952,94.3666,65.5723,14.5856,13,9.836
2010,169,Morgan St.,105.657,103.75,68.151,1.90682,15,11.49
2010,170,Montana,106.707,98.1992,61.6822,8.50753,14,11.471
2010,171,Missouri,110.105,90.4261,68.6097,19.6787,10,29.614
2010,172,Minnesota,112.547,93.7989,65.3869,18.7481,11,30.379
2010,173,Michigan St.,112.268,91.9702,65.5206,20.2975,5,28.984
2010,174,Maryland,117.599,94.8962,68.1243,22.7026,4,30.926
2010,175,Marquette,114.599,94.1043,61.8892,20.4947,6,31.568
2010,176,Louisville,115.013,97.1787,65.9182,17.834,9,30.501
2010,177,Lehigh,104.907,106.362,68.4313,-1.45422,16,7.914
2010,178,Kentucky,114.384,89.4743,67.5908,24.9097,1,24.373
2010,179,Kansas St.,115.425,90.4885,69.501,24.9367,2,35.3
2010,180,Kansas,119.854,87.3419,66.6569,32.5121,1,33.083
2010,181,Houston,111.84,102.537,70.8516,9.30246,13,20.266
2010,182,Gonzaga,112.378,95.585,67.0743,16.7934,8,22.1
2010,183,Georgia Tech,108.997,90.9613,67.9549,18.0357,10,33.163
2010,184,Georgetown,116.551,92.2687,65.0947,24.2828,3,35.728
2010,185,Florida St.,104.941,86.3361,64.8904,18.605,9,31.177
2010,186,Florida,112.433,97.4388,63.5599,14.9939,10,29.304
2010,187,East Tennessee St.,100.3,97.8928,66.1025,2.40771,16,13.94
2010,188,Duke,119.296,87.7467,64.9637,31.5489,1,31.735
2010,189,Cornell,115.443,101.891,63.4422,13.552,12,16.574
2010,190,Clemson,109.94,90.3071,67.2015,19.633,7,30.403
2010,191,California,119.968,97.7354,67.121,22.2322,8,28.292
2010,192,BYU,117.315,92.8309,70.9239,24.4842,7,21.607
2010,193,Butler,110.745,90.7154,63.243,20.0295,5,20.638
2010,194,Baylor,118.384,94.9837,64.0252,23.4007,3,33.152
2010,195,Arkansas Pine Bluff,91.8221,99.7369,64.9785,-7.91476,16,18.903
2010,239,Winthrop,90.8904,95.0021,63.9135,-4.11173,16,11.305
2011,4,Alabama St.,92.3675,105.437,63.859,-13.0699,16,8.673
2011,97,Little Rock,100.167,104.657,64.4828,-4.48952,16,9.995
2011,196,Xavier,112.808,96.2683,64.8622,16.5395,6,21.915
2011,197,Wofford,111.911,104.341,63.4771,7.57016,14,16.242
2011,198,Wisconsin,121.946,96.348,56.891,25.5977,4,34.801
2011,199,West Virginia,113.313,93.145,62.7344,20.1684,5,34.766
2011,200,Washington,116.488,94.2736,70.7555,22.2141,7,26.105
2011,201,Villanova,114.746,96.4465,65.5804,18.299,9,29.148
2011,202,VCU,109.563,100.813,65.9737,8.74997,11,18.893
2011,203,Vanderbilt,115.206,97.7687,66.882,17.437,5,26.811
2011,204,UTSA,101.474,106.668,67.0401,-5.19344,16,8.721
2011,205,Utah St.,110.413,90.2135,62.8424,20.1997,12,14.937
2011,207,UAB,108.63,96.1119,62.1202,12.5184,12,18.86
2011,208,UNC Asheville,101.432,99.0391,67.7991,2.393,16,12.978
2011,209,UCLA,107.561,93.8189,65.5545,13.7419,7,26.572
2011,210,UC Santa Barbara,103.503,99.4018,64.4276,4.10161,15,15.425
2011,212,Texas A&M,109.943,94.5593,61.4192,15.3838,7,25.412
2011,213,Texas,114.882,88.1564,65.8605,26.7252,4,27.862
2011,214,Tennessee,107.96,94.5968,66.3754,13.3636,9,29.673
2011,215,Temple,109.724,92.7362,64.7767,16.988,7,20.89
2011,216,Syracuse,114.248,91.6187,65.0381,22.6298,3,31.253
2011,217,St. John's,110.496,93.6698,66.3588,16.8263,6,34.3
2011,218,San Diego St.,113.834,88.2242,62.8786,25.6096,2,24.555
2011,219,Saint Peter's,95.0018,91.7599,64.6119,3.24183,14,15.033
2011,220,Richmond,111.003,95.4298,63.1619,15.5729,12,18.354
2011,221,Purdue,115.013,89.4016,66.3974,25.6115,3,34.119
2011,222,Princeton,106.219,97.4016,63.3505,8.81724,13,13.655
2011,223,Pittsburgh,119.627,92.2012,62.2651,27.4261,1,29.684
2011,224,Penn St.,111.847,97.4264,59.8734,14.4209,10,37.339
2011,225,Old Dominion,109.126,94.8747,60.8228,14.251,9,17.783
2011,226,Ohio St.,123.643,91.4115,64.4098,32.232,1,31.137
2011,227,Oakland,117.282,104.345,71.6088,12.9371,13,21.674
2011,228,Notre Dame,121.279,96.6246,63.3777,24.6542,2,33.256
2011,229,Northern Colorado,106.011,101.426,67.118,4.58447,15,13.609
2011,230,North Carolina,110.652,89.1087,70.5943,21.5431,2,33.486
2011,231,Morehead St.,105.208,98.4152,63.8399,6.79253,13,13.533
2011,232,Missouri,112.932,96.3729,71.2086,16.559,11,27.072
2011,233,Michigan St.,108.503,93.7079,65.0151,14.7956,10,40.022
2011,234,Michigan,110.77,95.3533,61.959,15.4164,8,36.499
2011,235,Memphis,103.673,96.7112,67.8874,6.96184,12,19.129
2011,236,Marquette,115.623,97.4927,66.7571,18.1301,11,33.868
2011,237,Louisville,111.247,88.3769,66.988,22.87,4,30.743
2011,238,LIU Brooklyn,108.912,103.533,73.2043,5.37973,15,7.968
2011,240,Kentucky,117.76,92.4889,65.932,25.2715,4,30.75
2011,241,Kansas St.,109.524,92.0845,66.786,17.4393,5,29.925
2011,242,Kansas,119.505,90.8029,68.9821,28.7018,1,26.504
2011,243,Indiana St.,101.49,96.8677,65.4175,4.62225,14,19.995
2011,244,Illinois,112.305,92.727,65.2946,19.5782,9,35.021
2011,245,Hampton,93.9345,97.7279,66.566,-3.79341,16,5.179
2011,246,Gonzaga,110.61,94.1013,66.6571,16.5087,11,21.413
2011,247,Georgia,107.153,95.1889,64.1695,11.9637,10,26.274
2011,248,Georgetown,114.287,95.2916,63.7784,18.9952,6,35.555
2011,249,George Mason,113.269,94.9599,65.0301,18.3096,8,15.383
2011,250,Florida St.,103.157,88.1874,67.5152,14.9701,10,27.172
2011,251,Florida,114.555,95.0304,62.5758,19.5245,2,28.23
2011,252,Duke,118.637,89.0891,69.1256,29.5475,1,29.3
2011,253,Connecticut,114.804,93.1006,65.3986,21.703,3,35.894
2011,254,Clemson,107.856,90.4152,64.0185,17.4409,12,27.126
2011,255,Cincinnati,109.822,90.218,63.2667,19.6039,6,26.215
2011,256,BYU,117.73,94.2638,70.3423,23.4657,3,24.953
2011,257,Butler,112.272,97.278,63.7754,14.9935,8,20.08
2011,258,Bucknell,105.356,97.7759,65.0026,7.57974,14,12.621
2011,259,Boston University,102.907,103.292,63.0646,-0.38517,16,11.596
2011,260,Belmont,112.236,93.268,68.7655,18.9677,13,10.427
2011,261,Arizona,115.936,97.0522,65.5658,18.8834,5,25.335
2011,263,Akron,103.29,99.533,66.2222,3.75741,15,13.032
2012,30,California,111.11,94.5611,65.1101,16.549,12,22.077
2012,81,Iona,115.979,103.63,69.0723,12.3492,14,13.603
2012,93,Lamar,107.54,100.064,65.5439,7.476,16,15.047
2012,121,Mississippi Valley St.,98.6794,105.054,67.9152,-6.3745,16,15.977
2012,264,Xavier,107.588,95.9824,65.9384,11.6059,10,26.514
2012,265,Wisconsin,111.961,88.662,57.0497,23.2991,4,30.936
2012,266,Wichita St.,116.963,93.7271,65.0878,23.2362,5,19.263
2012,267,Western Kentucky,98.1875,101.022,66.9018,-2.83435,16,14.83
2012,268,West Virginia,111.599,97.0738,63.2691,14.5249,10,27.223
2012,269,Virginia,106.186,88.8224,58.3843,17.3633,10,24.63
2012,270,Vermont,104.447,100.224,61.3192,4.2234,16,10.413
2012,271,VCU,107.166,94.5327,64.298,12.6331,12,15.249
2012,272,Vanderbilt,114.775,94.4476,63.9958,20.3275,5,29.822
2012,273,UNLV,109.975,93.9097,67.7911,16.0655,6,23.486
2012,274,UNC Asheville,109.605,104.64,67.7396,4.96548,16,12.309
2012,275,Texas,113.26,96.748,64.1535,16.5122,11,30.593
2012,276,Temple,114.086,98.5508,65.2739,15.5352,5,24.848
2012,277,Syracuse,116.026,90.5173,64.1527,25.5085,1,26.368
2012,278,St. Bonaventure,110.138,98.5497,62.409,11.5887,14,21.028
2012,279,Southern Miss,111.225,99.9599,63.0961,11.2651,9,18.877
2012,280,South Florida,102.792,91.3144,57.9277,11.4773,12,28.86
2012,281,South Dakota St.,113.756,102.043,64.332,11.7129,14,12.437
2012,282,San Diego St.,107.254,94.7608,65.1097,12.4935,6,21.466
2012,283,Saint Mary's,114.424,98.8981,62.3728,15.5262,7,17.195
2012,284,Saint Louis,111.629,91.0501,61.301,20.5785,9,20.497
2012,285,Purdue,116.142,100.148,63.7048,15.9933,10,30.358
2012,286,Ohio St.,117.705,87.8032,65.7505,29.9016,2,31.751
2012,287,Ohio,105.736,94.9527,65.5881,10.7829,13,13.978
2012,288,Notre Dame,110.251,96.0393,59.5561,14.2112,7,28.605
2012,289,North Carolina St.,111.847,98.7065,66.3856,13.1406,11,25.85
2012,290,North Carolina,117.11,90.8369,70.0151,26.2727,1,27.923
2012,291,Norfolk St.,99.5279,101.974,66.0683,-2.44646,15,10.649
2012,292,New Mexico St.,109.141,97.4887,69.1013,11.6518,13,13.259
2012,293,New Mexico,110.405,90.4523,65.0743,19.9522,5,17.632
2012,294,Murray St.,110.21,95.1414,64.2846,15.069,6,10.654
2012,295,Montana,103.543,95.6693,63.555,7.87347,13,8.906
2012,296,Missouri,124.486,97.8055,64.7708,26.6802,2,26.073
2012,298,Michigan St.,115.088,86.2697,63.9032,28.8179,1,34.349
2012,299,Michigan,113.975,95.8679,59.5682,18.1066,4,35.211
2012,300,Memphis,114.7,92.1444,66.8618,22.5554,8,21.423
2012,301,Marquette,112.422,93.0852,69.187,19.3365,3,28.97
2012,302,Loyola MD,103.745,100.068,62.6291,3.6774,15,13.469
2012,303,Louisville,105.207,86.3916,65.9921,18.8157,4,29.249
2012,304,Long Beach St.,111.581,95.9447,65.5618,15.6363,12,20.418
2012,305,LIU Brooklyn,108.1,107.557,72.7955,0.542871,16,9.99
2012,306,Lehigh,108.606,99.6982,67.0402,8.90823,15,12.009
2012,308,Kentucky,120.566,88.8382,64.0843,31.7277,1,27.605
2012,309,Kansas St.,109.953,91.6575,65.8239,18.2953,8,27.769
2012,310,Kansas,116.066,89.1479,65.9779,26.918,2,30.956
2012,311,Iowa St.,112.844,96.3879,65.1229,16.4561,8,26.236
2012,313,Indiana,119.547,97.0081,66.0427,22.5388,4,30.826
2012,314,Harvard,108.398,93.6424,59.748,14.756,12,13.314
2012,315,Gonzaga,111.604,94.5893,64.3904,17.0149,7,16.61
2012,316,Georgetown,109.993,89.6577,61.6397,20.3352,3,30.075
2012,317,Florida St.,107.767,89.7815,66.0495,17.9858,3,28.697
2012,318,Florida,120.271,99.98,63.4917,20.2909,7,29.274
2012,319,Duke,117.909,97.043,65.6315,20.8659,2,30.241
2012,320,Detroit,108.41,102.907,66.4169,5.50243,15,14.806
2012,321,Davidson,111.768,101.075,66.7002,10.6934,13,14.315
2012,322,Creighton,119.641,102.559,65.4893,17.0818,8,19.015
2012,323,Connecticut,111.126,96.1075,62.2672,15.0185,9,28.532
2012,324,Colorado St.,113.273,103.767,63.0838,9.50647,11,21.586
2012,325,Colorado,104.614,96.2689,64.2147,8.34556,11,22.136
2012,326,Cincinnati,109.258,94.1152,61.9205,15.1423,6,26.957
2012,328,BYU,106.894,93.9601,71.6581,12.9336,14,17.804
2012,329,Belmont,117.088,99.4192,66.7473,17.6692,14,15.656
2012,330,Baylor,115.656,94.2364,64.8088,21.4193,3,30.445
2012,331,Alabama,106.031,89.3714,61.5091,16.6596,9,26.959
2013,17,Boise St.,113.2,98.0999,64.2697,15.1001,13,25.683
2013,95,Liberty,100.529,110.044,63.8178,-9.51521,16,10.16
2013,98,LIU Brooklyn,111.069,112.442,66.723,-1.37364,16,9.217
2013,116,Middle Tennessee,107.517,91.9796,62.9037,15.5372,11,12.743
2013,332,Wisconsin,108.829,85.8206,59.9822,23.008,5,37.133
2013,333,Wichita St.,109.966,92.5764,62.4159,17.3895,9,22.177
2013,334,Western Kentucky,101.798,102.763,63.8433,-0.9659,16,14.863
2013,335,Villanova,106.057,92.4411,65.6855,13.6158,9,32.168
2013,336,VCU,113.747,94.4178,65.764,19.3295,5,22.954
2013,337,Valparaiso,111.066,99.147,63.7461,11.9193,14,13.999
2013,338,UNLV,106.858,89.633,67.0633,17.2254,5,24.074
2013,339,UCLA,111.467,96.3046,67.4331,15.1624,6,26.831
2013,340,Temple,111.464,99.5026,65.1334,11.9609,9,24.902
2013,341,Syracuse,114.546,91.9806,62.6287,22.5652,4,31.803
2013,342,Southern,99.0012,99.294,62.7873,-0.29274,16,8.266
2013,343,South Dakota St.,112.586,105.42,61.9938,7.16609,13,13.855
2013,344,San Diego St.,107.707,89.1276,64.8362,18.5799,7,25.928
2013,345,Saint Mary's,116.686,97.7603,62.7285,18.9259,11,19.997
2013,346,Saint Louis,108.951,88.6822,63.0796,20.269,4,21.79
2013,347,Pittsburgh,116.301,91.1994,58.1464,25.1014,8,27.112
2013,348,Pacific,106.871,101.331,61.5719,5.53976,15,15.835
2013,349,Oregon,105.529,90.6673,67.0931,14.8613,12,23.326
2013,350,Oklahoma St.,109.664,90.2456,65.3529,19.4182,5,26.462
2013,351,Oklahoma,111.409,97.0916,64.6503,14.3172,10,27.937
2013,352,Ohio St.,114.487,89.3191,62.2577,25.1682,2,34.432
2013,353,Notre Dame,115.515,98.0769,59.569,17.4382,7,29.503
2013,354,Northwestern St.,106.886,103.699,71.4118,3.18756,14,12.973
2013,355,North Carolina St.,116.772,99.3673,66.1873,17.4046,8,27.234
2013,356,North Carolina A&T,92.5828,97.9108,64.8071,-5.32804,16,9.659
2013,357,North Carolina,112.478,95.3146,68.7962,17.1634,8,29.188
2013,358,New Mexico St.,105.566,96.7219,63.1987,8.84441,13,14.948
2013,359,New Mexico,110.537,89.8302,63.1277,20.7068,3,25.971
2013,360,Montana,105.569,102.857,61.796,2.71159,13,11.573
2013,361,Missouri,115.006,95.7839,65.5079,19.2225,9,26.096
2013,362,Mississippi,112.338,95.8159,68.7636,16.5223,12,21.197
2013,363,Minnesota,113.792,94.6477,61.1328,19.1442,11,34.85
2013,365,Michigan St.,112.662,89.423,62.5852,23.2393,3,37.025
2013,366,Michigan,120.868,95.8775,62.8699,24.9907,4,32.68
2013,367,Miami FL,113.044,90.7587,61.2753,22.2852,2,27.681
2013,368,Memphis,108.62,91.9204,67.7883,16.6993,6,18.445
2013,369,Marquette,113.994,95.3386,62.8067,18.6549,3,31.449
2013,370,Louisville,114.313,83.1717,65.2907,31.1411,1,31.558
2013,373,La Salle,110.546,97.2446,64.3651,13.3018,13,23.333
2013,374,Kansas St.,113.291,95.0325,60.9899,18.2582,4,29.676
2013,375,Kansas,113.253,87.8314,65.5441,25.4211,1,27.947
2013,376,James Madison,99.5556,101.23,62.5026,-1.67462,16,10.325
2013,377,Iowa St.,116.863,100.569,67.5365,16.2941,10,27.483
2013,378,Iona,114.644,106.791,68.6813,7.85234,15,15.075
2013,379,Indiana,122.482,92.5582,65.7072,29.9242,1,32.801
2013,380,Illinois,110.496,95.3564,64.2338,15.1395,7,36.349
2013,381,Harvard,108.139,101.233,62.4831,6.90592,14,17.558
2013,382,Gonzaga,120.831,91.8845,62.4727,28.9467,1,22.395
2013,383,Georgetown,107.747,85.5846,59.9536,22.1624,2,31.664
2013,384,Florida Gulf Coast,103.304,99.9512,66.6594,3.35293,15,14.203
2013,385,Florida,118.162,86.1792,60.6898,31.9831,3,24.664
2013,386,Duke,119.646,92.9223,66.0764,26.724,2,29.848
2013,387,Davidson,112.441,101.27,63.2755,11.1711,14,13.113
2013,388,Creighton,119.389,97.1644,63.0944,22.2247,7,22.691
2013,389,Colorado St.,118.136,97.9562,62.9945,20.1795,8,23.522
2013,390,Colorado,107.269,92.4737,63.0028,14.7956,10,29.032
2013,391,Cincinnati,105.794,90.2087,62.2632,15.5856,10,29.557
2013,392,California,107.434,94.7044,63.887,12.7298,12,27.791
2013,393,Butler,110.071,95.2626,62.5561,14.8086,6,29.694
2013,394,Bucknell,107.882,94.4384,60.9891,13.4434,11,13.42
2013,396,Belmont,111.598,95.8476,65.3017,15.7507,11,15.327
2013,397,Arizona,114.263,93.7326,64.9417,20.5305,6,26.545
2013,398,Albany,102.346,101.191,61.1481,1.15535,15,11.678
2013,399,Akron,107.801,94.0583,64.6243,13.7427,12,14.733
2014,82,Iowa,120.152,99.1218,69.1598,21.0299,11,30.549
2014,127,Mount St. Mary's,107.491,111.241,68.4474,-3.75021,16,14.292
2014,203,Texas Southern,106.018,112.768,65.8018,-6.75033,16,8.739
2014,244,Xavier,113.691,98.6757,64.4463,15.0151,12,29.174
2014,401,Wofford,100.924,102.947,60.7578,-2.02301,15,12.999
2014,402,Wisconsin,120.678,96.8522,62.7652,23.8262,2,32.853
2014,403,Wichita St.,117.117,91.937,63.5718,25.1804,1,15.817
2014,404,Western Michigan,106.443,102.024,65.2493,4.41973,14,12.19
2014,405,Weber St.,106.025,106.516,63.2017,-0.49027,16,9.596
2014,406,Virginia,113.85,87.4218,59.6528,26.4285,1,30.369
2014,407,Villanova,117.154,91.8909,65.8913,25.2627,2,27.216
2014,408,VCU,108.679,88.4655,69.3132,20.2135,5,23.556
2014,409,UCLA,118.14,95.8826,68.6469,22.2575,4,25.87
2014,410,Tulsa,105.972,96.6323,67.1059,9.33939,13,17.432
2014,412,Texas,110.262,95.2735,67.2135,14.9889,7,29.843
2014,413,Tennessee,115.185,93.4414,62.0374,21.7438,11,27.83
2014,414,Syracuse,114.707,93.2029,59.7435,21.5042,3,28.889
2014,415,Stephen F. Austin,111.44,100.651,61.7091,10.7884,12,7.349
2014,416,Stanford,113.435,97.4392,65.271,15.9959,10,28.957
2014,417,San Diego St.,109.055,89.2312,62.8054,19.8236,4,22.259
2014,418,Saint Louis,105.599,89.8073,65.5822,15.792,5,21.668
2014,419,Saint Joseph's,111.261,98.2332,64.4393,13.0273,10,22.509
2014,420,Providence,114.031,99.2945,63.2914,14.7367,11,27.234
2014,421,Pittsburgh,116.412,94.8924,62.7245,21.5198,9,27.298
2014,422,Oregon,118.258,99.4749,67.8101,18.783,7,25.655
2014,423,Oklahoma St.,115.772,94.2393,66.9981,21.5328,9,28.791
2014,424,Oklahoma,117.886,99.4806,69.9669,18.4058,5,29.271
2014,425,Ohio St.,109.354,87.6797,64.0434,21.6743,6,28.439
2014,426,North Dakota St.,116.004,103.42,63.0184,12.5832,12,14.3
2014,427,North Carolina St.,113.205,102.658,64.734,10.5467,12,29.638
2014,428,North Carolina Central,107.276,98.9836,62.708,8.29208,14,10.219
2014,429,North Carolina,111.545,93.1571,69.426,18.3881,6,30.458
2014,430,New Mexico St.,112.746,102.113,65.3613,10.6331,13,13.619
2014,431,New Mexico,113.782,96.2346,64.7417,17.5475,7,21.24
2014,432,Nebraska,108.82,95.6836,64.698,13.1363,11,31.541
2014,434,Milwaukee,104.63,104.266,65.9973,0.3633,15,13.476
2014,435,Michigan St.,118.203,94.4143,64.3969,23.7886,4,32.172
2014,436,Michigan,122.369,99.5935,61.5484,22.7757,2,36.032
2014,437,Mercer,108.78,101.313,63.9334,7.46633,14,11.039
2014,438,Memphis,111.252,96.3212,67.8621,14.9304,8,28.502
2014,439,Massachusetts,109.841,95.6537,70.3142,14.1875,6,24.043
2014,440,Manhattan,106.544,96.9886,68.0296,9.55527,13,12.444
2014,441,Louisville,119.102,88.5345,67.4981,30.5677,4,21.304
2014,442,Louisiana Lafayette,109.939,104.85,68.8604,5.08877,14,16.225
2014,443,Kentucky,116.202,95.0512,64.6236,21.1505,8,29.5
2014,444,Kansas St.,108.305,93.9099,63.6653,14.3949,9,28.247
2014,445,Kansas,119.974,94.5731,66.8907,25.4011,2,35.326
2014,446,Iowa St.,116.764,95.8121,70.4795,20.9515,3,31.563
2014,448,Harvard,112.027,94.7095,64.1253,17.3178,12,13.951
2014,449,Gonzaga,113.594,92.9558,64.5603,20.6386,8,19.867
2014,450,George Washington,110.212,95.9821,65.8095,14.2297,9,24.145
2014,451,Florida,116.216,88.4056,61.5519,27.8106,1,29.067
2014,452,Eastern Kentucky,111.315,108.295,64.6059,3.01993,15,12.669
2014,453,Duke,124.75,99.4399,64.8311,25.3098,3,30.879
2014,454,Delaware,111.299,105.513,70.5569,5.78601,13,15.098
2014,455,Dayton,113.694,100.71,63.8792,12.9838,11,21.556
2014,456,Creighton,125.701,100.913,63.9037,24.7882,3,26.415
2014,457,Connecticut,111.355,92.2385,63.4064,19.1162,7,27.116
2014,458,Colorado,107.9,95.4275,65.097,12.4727,8,28.422
2014,459,Coastal Carolina,97.0064,102.979,65.898,-5.97261,16,9.213
2014,460,Cincinnati,109.197,90.1186,61.2764,19.0788,5,24.925
2014,461,Cal Poly,103.247,103.846,58.8564,-0.59937,16,19.389
2014,462,BYU,114.713,99.9591,71.172,14.7544,10,24.303
2014,463,Baylor,118.684,100.799,61.1487,17.8854,6,30.866
2014,464,Arizona St.,110.175,94.7808,67.6129,15.3941,10,27.225
2014,465,Arizona,115.193,84.7964,63.1175,30.3964,1,28.319
2014,466,American,103.925,98.0491,59.8927,5.87548,15,13.329
2014,467,Albany,102.179,103.893,61.7185,-1.71363,16,10.783
2015,17,Boise St.,111.769,97.7869,62.8256,13.9824,11,19.11
2015,25,BYU,119.356,101.562,69.7923,17.7947,11,21.629
2015,106,Manhattan,101.932,101.19,67.2455,0.742583,16,10.881
2015,141,North Florida,108.032,105.12,66.7256,2.91181,16,14.08
2015,468,Xavier,115.283,96.6313,65.1714,18.6517,6,30.82
2015,469,Wyoming,104.478,98.0741,58.648,6.40364,12,16.07
2015,470,Wofford,104.909,98.5115,60.5424,6.39782,12,14.245
2015,471,Wisconsin,126.815,93.2904,58.0767,33.5251,1,30.284
2015,472,Wichita St.,114.962,93.3065,61.4547,21.6555,7,18.668
2015,473,West Virginia,113.252,94.4993,67.9793,18.7531,5,29.931
2015,474,Virginia,115.318,84.4292,57.5332,30.8885,2,30.179
2015,475,Villanova,122.473,91.5163,63.8347,30.9562,1,27.643
2015,476,VCU,110.62,94.1043,66.5049,16.5157,7,24.351
2015,477,Valparaiso,106.629,95.6594,62.1996,10.9697,13,11.044
2015,478,Utah,116.433,89.5299,60.3923,26.9035,5,27.56
2015,479,UCLA,112.266,98.1315,65.4935,14.1346,11,29.935
2015,480,UC Irvine,105.818,98.9592,63.3775,6.85898,13,16.828
2015,481,UAB,104.585,101.758,64.4025,2.82779,14,16.263
2015,482,Texas Southern,103.049,106.918,62.9114,-3.8688,15,17.067
2015,483,Texas,112.877,92.759,61.7245,20.1184,11,31.601
2015,484,Stephen F. Austin,114.494,100.484,65.2365,14.0106,12,12.66
2015,485,St. John's,110.125,95.8018,66.1943,14.3233,9,32.181
2015,486,SMU,113.524,95.4867,62.8424,18.0372,6,20.21
2015,487,San Diego St.,104.401,88.1829,59.9465,16.2186,8,19.89
2015,488,Robert Morris,102.327,103.869,65.0415,-1.54229,16,11.81
2015,489,Purdue,110.824,96.8436,63.9932,13.9802,9,29.197
2015,490,Providence,112.954,95.3871,64.8656,17.5673,6,33.586
2015,491,Oregon,114.457,101.273,66.1195,13.1844,8,26.458
2015,492,Oklahoma St.,111.825,95.6458,62.7105,16.1789,9,32.538
2015,493,Oklahoma,111.785,87.6854,66.9861,24.1001,3,33.364
2015,494,Ohio St.,115.312,94.3058,65.1703,21.0066,10,28.047
2015,495,Notre Dame,124.623,100.552,63.2851,24.0703,3,30.379
2015,496,Northern Iowa,115.17,94.2192,58.014,20.9503,5,17.742
2015,497,Northeastern,107.892,103.071,63.0556,4.82045,14,12.624
2015,499,North Dakota St.,102.68,102.079,60.2617,0.601364,15,11.808
2015,500,North Carolina St.,114.001,98.6377,63.8463,15.3629,8,32.14
2015,501,North Carolina,117.921,94.1249,69.0232,23.7959,4,38.128
2015,502,New Mexico St.,106.825,99.8197,62.9742,7.0055,15,12.832
2015,503,Mississippi,114.568,100.141,65.6482,14.4267,11,25.591
2015,504,Michigan St.,115.973,95.052,62.8407,20.9213,7,31.101
2015,505,Maryland,111.125,94.9328,63.7514,16.1924,4,29.027
2015,507,LSU,108.743,94.7996,69.0966,13.9432,9,22.949
2015,508,Louisville,108.601,88.176,64.8006,20.4245,4,32.346
2015,509,Lafayette,112.691,114.45,64.3104,-1.75874,16,11.111
2015,510,Kentucky,121.27,83.8367,61.9696,37.4333,1,27.097
2015,511,Kansas,114.271,90.5293,66.6617,23.7421,2,37.228
2015,512,Iowa St.,120.166,97.135,69.3108,23.031,3,33.687
2015,513,Iowa,113.359,95.1085,63.3054,18.251,7,30.508
2015,514,Indiana,119.285,105.478,66.0482,13.8074,10,28.304
2015,515,Harvard,103.686,94.9442,61.137,8.74154,13,14.711
2015,516,Hampton,96.0398,104.551,68.6346,-8.51136,16,9.527
2015,517,Gonzaga,121.92,92.9958,64.2083,28.9239,2,20.733
2015,518,Georgia St.,110.463,100.687,62.5745,9.77537,14,13.113
2015,519,Georgia,109.524,94.1302,63.6563,15.3937,10,28.552
2015,520,Georgetown,113.166,93.597,63.7582,19.5694,4,32.914
2015,521,Eastern Washington,112.165,109.197,67.9604,2.96737,13,12.026
2015,522,Duke,124.253,94.9453,65.6368,29.3074,1,33.93
2015,523,Dayton,108.983,95.0972,63.3147,13.8856,11,18.021
2015,524,Davidson,120.481,103.662,66.5178,16.8188,10,20.72
2015,525,Coastal Carolina,105.424,103.803,63.6717,1.6211,16,9.135
2015,526,Cincinnati,108.353,94.1045,59.2099,14.2488,8,18.539
2015,528,Butler,110.554,90.9269,63.0408,19.6267,6,31.075
2015,529,Buffalo,111.344,99.0045,68.4522,12.339,12,17.477
2015,531,Belmont,109.115,107.619,66.5706,1.49515,15,11.943
2015,532,Baylor,117.192,93.7123,61.2742,23.4796,3,31.828
2015,533,Arkansas,114.941,97.964,69.1346,16.9767,5,25.539
2015,534,Arizona,118.227,85.9123,65.5943,32.3143,2,24.455
2015,535,Albany,106.463,103.431,60.7359,3.03231,14,9.985
2016,54,Fairleigh Dickinson,104.836,114.583,71.1346,-9.74686,16,9.645
2016,189,Southern,100.906,106.217,68.9507,-5.31079,16,8.427
2016,206,Tulsa,111.352,99.564,68.4348,11.788,11,22.502
2016,225,Vanderbilt,114.458,94.5381,67.7217,19.9195,11,29.795
2016,536,Yale,109.51,95.6837,65.9753,13.8265,12,15.942
2016,537,Xavier,117.096,95.3858,71.9214,21.71,2,29.509
2016,538,Wisconsin,111.769,95.4038,63.2633,16.3651,7,29.577
2016,539,Wichita St.,111.743,90.5918,65.8499,21.1508,11,18.276
2016,540,West Virginia,116.39,90.4754,69.3697,25.9146,3,34.85
2016,541,Weber St.,103.593,100.851,66.9958,2.74146,15,9.167
2016,542,Virginia,120.224,91.1288,60.6947,29.0952,1,36.199
2016,543,Villanova,118.299,91.552,66.5578,26.7471,2,30.779
2016,544,VCU,110.984,94.769,69.4498,16.2152,10,20.513
2016,546,Utah,115.673,97.5601,65.2107,18.1129,3,30.751
2016,547,USC,113.901,99.116,71.1914,14.7848,8,26.984
2016,548,UNC Wilmington,110.051,100.792,70.1618,9.25855,13,13.73
2016,549,UNC Asheville,103.529,99.3166,70.1811,4.21193,15,10.414
2016,551,Texas Tech,113.846,99.1212,65.9989,14.7244,8,32.532
2016,552,Texas A&M,114.159,92.3528,66.5488,21.8057,3,27.831
2016,553,Texas,112.821,95.7146,65.1637,17.1061,6,36.005
2016,554,Temple,106.619,98.2712,65.9852,8.34785,10,24.923
2016,555,Syracuse,111.357,95.507,64.9033,15.8501,10,30.281
2016,556,Stony Brook,107.481,98.9433,66.9582,8.53773,13,11.251
2016,557,Stephen F. Austin,111.339,96.9336,67.4268,14.405,14,9.477
2016,559,South Dakota St.,110.826,101.245,68.2819,9.58182,12,12.136
2016,560,Seton Hall,111.433,93.7641,69.4734,17.6691,6,30.728
2016,561,Saint Joseph's,113.435,98.7988,70.3117,14.6358,8,21.526
2016,562,Purdue,117.0,92.4061,67.5995,24.5939,5,26.889
2016,563,Providence,109.321,95.7275,68.4903,13.5932,9,31.166
2016,564,Pittsburgh,115.484,99.2827,65.557,16.2013,10,31.513
2016,565,Oregon St.,110.836,98.3992,67.1452,12.4371,7,30.461
2016,566,Oregon,119.63,96.8455,68.0532,22.7847,1,27.638
2016,567,Oklahoma,117.285,92.4357,69.8681,24.849,2,35.834
2016,568,Notre Dame,119.69,103.709,64.933,15.9813,6,31.682
2016,569,Northern Iowa,108.298,98.2039,62.3968,10.0945,11,21.49
2016,570,North Carolina,121.139,93.1009,71.0747,28.0379,1,32.034
2016,571,Middle Tennessee,103.144,99.21,67.5556,3.93408,15,12.345
2016,572,Michigan St.,123.022,93.3408,66.3201,29.6807,2,26.632
2016,573,Michigan,115.094,100.54,65.9134,14.5538,11,29.236
2016,574,Miami FL,118.848,95.9995,65.897,22.848,3,32.355
2016,575,Maryland,116.294,95.5806,67.2907,20.7136,5,28.313
2016,576,Little Rock,108.951,95.6244,63.2633,13.3265,12,13.219
2016,577,Kentucky,122.508,97.3082,66.9955,25.1996,4,28.159
2016,578,Kansas,120.379,90.575,68.811,29.804,1,35.686
2016,579,Iowa St.,121.033,99.9576,71.0322,21.0754,4,34.953
2016,580,Iowa,116.298,94.9421,68.812,21.3563,7,29.23
2016,581,Iona,110.602,102.768,71.7927,7.8333,13,13.931
2016,582,Indiana,120.855,98.0589,67.7325,22.7957,5,23.197
2016,583,Holy Cross,97.0369,108.525,63.6033,-11.4879,16,9.645
2016,584,Hawaii,108.243,96.5071,70.5206,11.736,13,13.153
2016,585,Hampton,99.7519,106.561,71.2725,-6.80879,16,8.629
2016,586,Green Bay,108.225,104.236,76.1219,3.98885,14,15.675
2016,587,Gonzaga,116.44,97.1644,67.1988,19.2756,11,20.236
2016,588,Fresno St.,107.084,100.385,68.9375,6.69862,14,17.899
2016,589,Florida Gulf Coast,102.917,104.307,66.5831,-1.39023,16,11.006
2016,591,Duke,121.786,99.7328,67.5008,22.0532,4,32.331
2016,592,Dayton,106.934,93.5907,67.8498,13.3434,7,20.789
2016,593,Connecticut,111.651,92.899,65.7403,18.752,9,23.62
2016,594,Colorado,108.785,95.1948,68.9529,13.5905,8,26.719
2016,595,Cincinnati,110.035,92.8755,64.1147,17.1593,9,23.448
2016,596,Chattanooga,107.156,99.7384,66.1763,7.41784,12,11.639
2016,597,California,112.902,93.2625,68.0218,19.6396,4,27.208
2016,598,Cal St. Bakersfield,103.37,96.8714,67.6197,6.49871,15,10.513
2016,599,Butler,117.318,101.468,67.7286,15.8497,9,29.739
2016,600,Buffalo,105.541,102.83,71.9828,2.71119,14,17.81
2016,601,Baylor,118.756,98.8407,66.4547,19.9152,5,35.471
2016,602,Austin Peay,104.005,109.104,69.3154,-5.09934,16,12.023
2016,603,Arizona,117.368,95.4851,68.3189,21.8831,6,25.107
2017,133,New Orleans,100.844,101.362,66.1458,-0.51777,16,11.906
2017,137,North Carolina Central,102.796,101.835,66.3643,0.961015,16,6.379
2017,166,Providence,108.021,95.1217,66.3485,12.8992,11,29.678
2017,231,Wake Forest,120.873,103.6,70.4705,17.2722,11,34.379
2017,604,Xavier,114.744,99.4255,67.1917,15.3189,11,32.401
2017,605,Wisconsin,113.589,91.2963,63.2884,22.2926,8,31.468
2017,606,Winthrop,106.436,101.809,70.9519,4.62694,13,9.847
2017,607,Wichita St.,119.636,93.2236,68.6272,26.4121,10,17.09
2017,608,West Virginia,116.472,89.6731,69.8998,26.7991,4,32.564
2017,610,Virginia Tech,117.358,102.419,68.2782,14.9395,9,32.173
2017,611,Virginia,113.686,87.0194,58.8864,26.6671,5,35.989
2017,612,Villanova,122.753,91.9756,63.9872,30.7772,1,30.578
2017,613,Vermont,110.832,98.9477,64.3336,11.8847,13,12.311
2017,614,VCU,110.018,95.716,68.1834,14.3025,10,18.914
2017,615,Vanderbilt,112.303,96.065,65.5596,16.2376,9,33.443
2017,616,USC,112.508,100.168,68.8968,12.3407,11,23.057
2017,617,UNC Wilmington,117.706,105.319,70.0795,12.3867,12,13.569
2017,618,UCLA,122.757,99.8057,73.179,22.9515,3,23.941
2017,619,UC Davis,97.8508,102.603,68.4821,-4.75235,16,9.044
2017,620,Troy,109.892,107.217,68.0509,2.67571,15,11.532
2017,621,Texas Southern,103.622,107.286,68.4526,-3.66476,16,15.142
2017,622,South Dakota St.,110.782,112.116,67.0521,-1.33359,16,13.118
2017,623,South Carolina,105.546,88.5163,68.211,17.0302,7,27.468
2017,624,SMU,120.073,94.8141,63.5675,25.2591,6,22.062
2017,625,Seton Hall,109.8,95.8517,67.2845,13.9487,9,32.687
2017,626,Saint Mary's,118.894,94.2568,59.2901,24.6377,7,18.282
2017,627,Rhode Island,110.668,95.0527,66.1243,15.6156,11,20.094
2017,628,Purdue,116.912,92.6889,68.8912,24.2236,4,29.59
2017,630,Princeton,109.396,96.8962,63.1679,12.5002,12,13.417
2017,631,Oregon,117.728,93.9002,66.7169,23.8276,3,23.71
2017,632,Oklahoma St.,124.834,102.73,70.289,22.1043,10,38.667
2017,633,Notre Dame,118.891,97.7973,67.0898,21.0939,5,34.028
2017,634,Northwestern,111.189,95.6778,65.1075,15.511,8,28.272
2017,635,Northern Kentucky,106.647,105.311,67.8323,1.33605,15,10.902
2017,636,North Dakota,102.854,103.166,71.25,-0.31127,15,8.396
2017,638,North Carolina,122.075,94.0654,70.6955,28.0091,1,35.516
2017,640,New Mexico St.,110.052,102.738,67.51,7.31463,14,10.347
2017,641,Nevada,114.477,101.135,69.6483,13.3415,12,15.312
2017,642,Mount St. Mary's,98.9775,103.211,66.8082,-4.23312,16,15.979
2017,643,Minnesota,109.574,92.9833,69.3901,16.5907,5,28.647
2017,644,Middle Tennessee,111.64,96.9823,64.2498,14.6582,12,12.053
2017,645,Michigan St.,110.569,95.5936,66.7308,14.9753,9,33.378
2017,646,Michigan,121.592,98.9742,62.8409,22.618,7,31.879
2017,647,Miami FL,110.386,93.4254,62.9821,16.9602,8,33.96
2017,648,Maryland,113.565,98.7271,67.0658,14.838,6,27.505
2017,649,Marquette,120.943,103.371,69.9346,17.5711,10,30.575
2017,650,Louisville,117.179,90.4602,67.9905,26.7186,2,35.79
2017,651,Kentucky,119.139,91.8728,72.7658,27.2664,2,30.841
2017,652,Kent St.,104.421,102.687,68.2714,1.73415,14,11.162
2017,653,Kansas St.,112.038,94.4839,66.1487,17.5538,11,34.368
2017,654,Kansas,120.833,94.8585,70.2533,25.975,1,35.994
2017,655,Jacksonville St.,105.363,104.78,63.5728,0.583245,15,12.694
2017,656,Iowa St.,119.541,96.4283,68.1638,23.113,5,39.139
2017,657,Iona,110.197,106.195,70.4839,4.00176,14,12.569
2017,658,Gonzaga,120.711,87.6571,70.022,33.0538,1,19.459
2017,659,Florida St.,116.738,93.9951,70.7622,22.7426,3,32.378
2017,660,Florida Gulf Coast,109.563,104.547,65.2507,5.016,14,12.991
2017,661,Florida,115.851,89.4618,68.8208,26.3891,4,33.955
2017,662,East Tennessee St.,107.974,96.4902,70.0234,11.4836,13,13.051
2017,663,Duke,120.988,95.8991,67.9699,25.0887,2,37.527
2017,664,Dayton,112.3,96.6262,68.5788,15.6735,7,19.632
2017,665,Creighton,115.639,96.0487,70.8829,19.5902,6,29.959
2017,666,Cincinnati,114.215,91.8982,63.7687,22.3165,6,23.092
2017,667,Butler,117.971,97.0613,65.3305,20.9097,4,32.565
2017,668,Bucknell,109.074,100.358,69.6888,8.71601,13,12.194
2017,669,Baylor,117.289,92.281,63.0844,25.0078,3,37.002
2017,670,Arkansas,116.639,101.04,69.4151,15.5987,8,28.939
2017,671,Arizona,117.585,94.8418,65.6678,22.7427,2,25.711
2018,9,Arizona St.,117.651,102.937,71.5605,14.714,11,22.863
2018,98,LIU Brooklyn,103.335,111.135,71.3779,-7.80028,16,5.293
2018,137,North Carolina Central,98.1525,110.889,64.9456,-12.7366,16,6.345
2018,212,UCLA,116.447,102.063,70.5038,14.3834,11,25.311
2018,672,Xavier,120.74,99.0492,70.4307,21.6909,1,31.853
2018,673,Wright St.,101.068,98.251,68.2124,2.81674,14,11.684
2018,674,Wichita St.,121.925,101.857,68.6357,20.068,4,24.125
2018,675,West Virginia,119.151,97.3766,69.0413,21.7748,5,33.146
2018,676,Virginia Tech,115.016,98.3773,68.6757,16.6388,8,29.946
2018,677,Virginia,116.528,84.3753,59.1912,32.1527,1,30.429
2018,678,Villanova,127.384,95.9749,68.277,31.4091,1,32.489
2018,679,UNC Greensboro,105.672,96.6156,64.9776,9.0562,13,12.559
2018,680,UMBC,103.389,105.297,68.1857,-1.9086,16,11.536
2018,682,Texas Tech,114.03,92.0873,66.5709,21.9424,3,31.897
2018,683,Texas Southern,105.281,112.94,71.5742,-7.659,16,18.818
2018,684,Texas A&M,111.204,94.2949,69.0256,16.9086,7,33.417
2018,685,Texas,109.372,93.914,65.2086,15.4577,10,36.484
2018,686,Tennessee,114.839,92.6901,66.1739,22.1486,3,32.934
2018,687,TCU,120.625,101.705,68.7039,18.9201,6,31.458
2018,688,Syracuse,107.705,94.1122,63.3993,13.5929,11,29.15
2018,689,Stephen F. Austin,104.983,99.4206,71.1416,5.56289,14,9.583
2018,690,St. Bonaventure,112.288,101.093,69.2408,11.1954,11,18.499
2018,691,South Dakota St.,114.629,104.038,70.2629,10.5907,12,15.634
2018,692,Seton Hall,116.335,98.9994,69.3438,17.3352,8,32.678
2018,693,San Diego St.,111.286,97.1358,68.6523,14.1504,11,19.129
2018,694,Rhode Island,111.71,97.328,68.6547,14.3818,7,19.269
2018,695,Radford,103.581,103.629,62.7351,-0.04778,16,12.213
2018,696,Purdue,123.248,96.5818,67.2291,26.6663,2,30.493
2018,697,Providence,108.926,97.0075,67.0963,11.9189,10,34.553
2018,698,Penn,103.553,99.8577,68.8538,3.69539,16,10.435
2018,699,Oklahoma,115.128,100.709,75.8225,14.419,10,35.193
2018,700,Ohio St.,116.15,95.0408,66.3996,21.1094,5,29.904
2018,701,North Carolina St.,116.426,101.294,71.3548,15.1323,9,28.427
2018,703,North Carolina,121.959,96.9241,70.9501,25.0348,2,39.014
2018,704,New Mexico St.,108.457,94.9001,68.2276,13.5573,12,14.546
2018,705,Nevada,119.901,101.72,69.4886,18.1814,7,19.663
2018,706,Murray St.,113.139,100.444,67.3002,12.6951,12,10.363
2018,707,Montana,110.144,99.3132,67.9708,10.8304,14,13.047
2018,708,Missouri,113.275,97.803,65.6199,15.4717,8,29.725
2018,709,Michigan St.,119.983,93.6364,67.1449,26.3461,3,27.212
2018,710,Michigan,115.9,92.7095,64.3592,23.1909,3,32.027
2018,711,Miami FL,113.309,97.5988,67.0632,15.7103,6,28.51
2018,712,Marshall,109.328,103.944,74.8308,5.38402,13,16.115
2018,713,Loyola Chicago,111.331,96.1911,65.3221,15.1402,11,14.914
2018,715,Lipscomb,103.793,103.43,74.8966,0.363623,15,15.067
2018,716,Kentucky,116.426,96.019,68.5818,20.4069,5,31.972
2018,717,Kansas St.,112.178,97.4236,65.5437,14.7543,9,31.68
2018,718,Kansas,120.933,97.6938,68.4279,23.2388,1,34.024
2018,719,Iona,110.261,107.388,70.6965,2.87263,15,11.688
2018,720,Houston,115.787,95.2473,68.2176,20.5396,6,20.996
2018,721,Gonzaga,119.824,95.0891,68.9851,24.7352,4,19.117
2018,722,Georgia St.,109.045,101.835,66.8969,7.20921,15,9.801
2018,723,Florida St.,115.822,99.9984,71.6051,15.8239,9,29.762
2018,724,Florida,115.14,96.4262,66.7986,18.7137,6,31.853
2018,725,Duke,122.602,93.467,70.0021,29.1348,2,31.36
2018,726,Davidson,117.399,102.494,64.1645,14.9051,12,18.185
2018,727,Creighton,116.454,99.1744,70.8444,17.2792,8,32.808
2018,728,College of Charleston,109.887,105.153,64.6463,4.73418,13,10.655
2018,729,Clemson,113.774,93.5052,65.6205,20.2693,5,31.364
2018,730,Cincinnati,113.155,86.158,64.6798,26.9966,2,21.576
2018,731,Cal St. Fullerton,104.984,103.669,69.5384,1.3154,15,12.991
2018,732,Butler,115.758,97.8916,67.8456,17.8667,10,35.194
2018,733,Buffalo,114.284,103.791,72.8022,10.4931,13,14.057
2018,734,Bucknell,109.182,102.368,71.4452,6.8137,14,12.477
2018,735,Auburn,118.196,97.5614,72.2946,20.6348,4,25.991
2018,736,Arkansas,117.32,101.685,69.6899,15.635,7,30.695
2018,738,Arizona,119.012,99.6425,67.313,19.3692,4,22.509
2018,739,Alabama,108.459,94.6334,68.7962,13.8252,9,30.311
2019,137,North Carolina Central,96.6416,108.528,65.2069,-11.8864,16,9.393
2019,164,Prairie View A&M,101.53,105.838,70.961,-4.30871,16,9.729
2019,192,St. John's,109.671,100.92,70.4832,8.75182,11,22.897
2019,198,Temple,108.851,99.4587,68.7589,9.3923,11,23.835
2019,740,Yale,111.702,103.115,70.7049,8.58693,14,14.894
2019,741,Wofford,118.357,97.6422,65.6363,20.7146,7,18.861
2019,742,Wisconsin,110.809,87.134,63.61,23.675,5,36.867
2019,743,Washington,106.98,93.6134,65.8589,13.3669,9,23.31
2019,744,Virginia Tech,118.433,93.9634,63.2505,24.4696,4,30.716
2019,745,Virginia,123.571,87.9163,59.2665,35.6552,1,33.411
2019,746,Villanova,116.973,98.1987,63.6099,18.7745,6,25.545
2019,747,Vermont,107.949,99.2286,65.3218,8.72064,13,10.844
2019,748,VCU,104.312,88.6222,68.1835,15.6895,8,17.529
2019,749,Utah St.,112.966,96.3467,67.7963,16.6198,8,16.722
2019,750,UCF,110.31,95.7335,64.7843,14.5761,9,22.705
2019,751,UC Irvine,106.606,97.144,65.0838,9.46217,13,10.843
2019,752,Texas Tech,112.694,85.9468,66.5403,26.7476,3,29.682
2019,753,Tennessee,122.479,95.4987,67.703,26.98,2,34.04
2019,755,Syracuse,110.213,93.9133,66.0629,16.3,8,30.432
2019,757,Seton Hall,109.303,96.3961,68.9235,12.9072,10,26.683
2019,758,Saint Mary's,114.634,96.9231,62.6466,17.7106,11,22.544
2019,759,Saint Louis,102.575,96.3024,66.0798,6.27254,13,17.33
2019,760,Purdue,121.093,95.0422,65.6263,26.0512,3,35.323
2019,762,Oregon,107.7,92.5481,64.0656,15.1521,12,21.269
2019,763,Old Dominion,101.929,96.3508,64.2892,5.57853,14,11.544
2019,764,Oklahoma,109.401,93.8663,68.6808,15.5345,9,35.499
2019,765,Ohio St.,109.268,94.1896,65.6907,15.0781,11,33.733
2019,766,Northern Kentucky,109.235,102.676,67.9179,6.55918,14,11.952
2019,767,Northeastern,111.465,102.718,66.0293,8.74685,13,14.55
2019,768,North Dakota St.,106.552,109.751,64.7859,-3.19855,16,14.601
2019,770,North Carolina,119.872,90.701,74.2921,29.171,1,36.978
2019,771,New Mexico St.,112.605,99.0173,65.5861,13.588,12,10.958
2019,772,Nevada,114.0,95.0771,69.2146,18.9229,7,15.433
2019,773,Murray St.,112.038,98.706,69.0116,13.3317,12,12.081
2019,774,Montana,107.36,103.814,66.5497,3.54691,15,9.661
2019,775,Mississippi St.,117.395,96.7173,67.4194,20.6776,5,32.171
2019,776,Mississippi,112.779,97.6963,68.3346,15.0831,8,28.95
2019,777,Minnesota,110.671,96.2136,67.4509,14.4575,10,34.824
2019,778,Michigan St.,121.729,90.3679,67.4035,31.3607,2,37.031
2019,779,Michigan,115.516,86.081,64.4257,29.4352,2,32.909
2019,780,Maryland,113.82,93.8429,65.6376,19.9776,6,33.402
2019,781,Marquette,114.15,95.7294,68.5839,18.4207,5,24.34
2019,782,LSU,118.485,97.5196,69.8753,20.9656,3,30.387
2019,783,Louisville,113.376,92.4055,67.1312,20.9708,7,35.477
2019,784,Liberty,110.565,99.7435,61.7759,10.8215,12,11.295
2019,785,Kentucky,118.223,90.8094,65.8287,27.4133,2,33.711
2019,786,Kansas St.,107.96,87.7377,63.0414,20.2225,4,32.441
2019,787,Kansas,112.746,92.0406,69.9355,20.7051,4,38.465
2019,788,Iowa St.,118.992,97.1452,67.6056,21.8472,6,33.257
2019,789,Iowa,117.163,101.207,69.3715,15.9555,10,31.994
2019,790,Iona,106.514,109.593,70.5217,-3.07828,16,9.366
2019,791,Houston,114.118,91.6934,66.1482,22.4249,3,21.749
2019,792,Gonzaga,125.125,92.336,69.7687,32.7887,1,21.704
2019,793,Georgia St.,107.886,102.289,69.8602,5.59737,14,15.85
2019,794,Gardner Webb,107.475,108.218,67.0883,-0.74352,16,13.189
2019,795,Florida St.,112.987,90.4293,68.2507,22.5574,4,32.314
2019,796,Florida,110.219,91.895,62.6903,18.3239,10,34.588
2019,797,Fairleigh Dickinson,106.184,110.432,66.7742,-4.2487,16,7.488
2019,798,Duke,120.084,88.0911,72.2115,31.9925,1,37.373
2019,799,Colgate,110.038,105.751,66.3489,4.2867,15,11.298
2019,800,Cincinnati,111.566,94.515,63.1993,17.0509,7,24.662
2019,801,Buffalo,114.89,94.5531,73.7602,20.337,6,17.002
2019,802,Bradley,100.892,101.25,65.0632,-0.35828,15,11.714
2019,803,Belmont,114.834,101.76,71.1231,13.0739,11,14.18
2019,804,Baylor,113.517,98.2238,65.2511,15.2935,9,32.475
2019,805,Auburn,119.571,96.2397,67.5363,23.3317,5,32.322
2019,806,Arizona St.,109.774,98.5646,70.4917,11.2091,11,21.239
2019,807,Abilene Christian,103.625,101.539,66.0042,2.08626,15,7.994
2021,7,Appalachian St.,99.3998,103.738,65.6825,-4.33805,16,9.753
2021,115,Michigan St.,106.989,92.9745,68.6334,14.0141,11,38.227
2021,127,Mount St. Mary's,95.4181,100.428,62.172,-5.0102,16,9.106
2021,226,VCU,105.49,89.5783,69.8256,15.9115,10,22.145
2021,238,Wichita St.,109.988,98.4414,67.5992,11.5469,11,24.799
2021,808,Wisconsin,112.522,89.8672,64.9341,22.6545,9,37.996
2021,809,Winthrop,105.093,96.1535,73.6395,8.93908,12,5.045
2021,811,West Virginia,116.128,95.8073,69.6016,20.3206,3,34.198
2021,812,Virginia Tech,110.048,94.8276,66.1503,15.2207,10,23.498
2021,813,Virginia,115.637,92.9824,60.0732,22.6542,4,30.502
2021,814,Villanova,118.602,95.984,65.0666,22.6184,5,30.52
2021,816,Utah St.,105.729,89.2192,68.8615,16.51,11,17.758
2021,817,USC,112.883,90.6583,67.2898,22.2245,6,32.675
2021,818,UNC Greensboro,104.118,95.9651,68.4895,8.15332,13,10.509
2021,819,UCLA,113.403,97.4859,64.6928,15.9175,11,34.379
2021,820,UC Santa Barbara,109.242,97.0104,66.1183,12.2317,12,11.813
2021,821,Texas Tech,112.362,91.4155,65.3672,20.9465,6,32.227
2021,822,Texas Southern,98.9834,105.038,71.9846,-6.05453,16,12.242
2021,823,Texas,113.848,93.2661,69.2079,20.5822,3,32.75
2021,824,Tennessee,108.804,87.7414,67.3118,21.0624,5,29.656
2021,825,Syracuse,113.82,97.5937,69.2068,16.2268,11,28.455
2021,826,St. Bonaventure,111.309,90.4885,65.1595,20.8204,9,21.02
2021,827,San Diego St.,110.835,89.5391,66.0736,21.296,6,18.796
2021,828,Rutgers,108.651,90.5084,67.7741,18.1428,10,38.152
2021,829,Purdue,113.612,91.3407,66.4842,22.2716,4,36.431
2021,830,Oregon St.,109.326,99.1533,65.3971,10.1728,12,34.218
2021,831,Oregon,114.453,96.7728,67.2355,17.6799,7,31.097
2021,832,Oral Roberts,108.656,107.44,71.7646,1.21622,15,16.652
2021,833,Oklahoma St.,110.059,91.2923,71.9524,18.7671,4,36.37
2021,834,Oklahoma,111.427,94.7836,67.689,16.6439,8,32.105
2021,835,Ohio St.,122.274,96.8491,67.0815,25.4253,2,39.398
2021,836,Ohio,113.002,101.888,69.3203,11.1142,13,16.438
2021,837,North Texas,105.362,93.6646,63.0896,11.6975,13,19.471
2021,838,North Carolina,110.111,90.0231,71.8271,20.0876,8,34.274
2021,839,Norfolk St.,100.613,104.355,67.6936,-3.74215,16,6.134
2021,841,Morehead St.,100.165,96.2694,65.5948,3.89559,14,13.166
2021,842,Missouri,110.248,95.0983,68.7329,15.15,9,33.332
2021,844,Michigan,119.434,88.6425,66.8217,30.7915,1,35.087
2021,845,Maryland,110.916,92.1984,65.3286,18.7175,10,36.317
2021,846,LSU,119.771,100.181,70.7574,19.5899,8,31.962
2021,847,Loyola Chicago,110.416,86.6625,64.1938,23.7539,8,16.033
2021,848,Liberty,110.143,101.773,63.1252,8.37002,13,9.801
2021,849,Kansas,109.615,88.5839,68.2629,21.0313,3,36.237
2021,850,Iowa,123.496,94.5925,69.9829,28.9031,2,36.806
2021,851,Iona,100.371,101.407,68.3119,-1.03598,15,7.27
2021,852,Illinois,118.957,88.3445,70.7135,30.6122,1,40.223
2021,853,Houston,118.922,90.1017,64.9246,28.8202,2,18.87
2021,854,Hartford,97.4886,100.22,66.7023,-2.73095,16,10.041
2021,855,Grand Canyon,103.554,96.5771,65.4771,6.97644,15,10.505
2021,856,Gonzaga,126.111,89.4872,74.7701,36.6241,1,24.19
2021,857,Georgia Tech,113.332,94.783,67.7637,18.5494,9,29.468
2021,858,Georgetown,107.693,93.636,69.6374,14.0569,12,32.752
2021,859,Florida St.,116.442,94.3726,70.5582,22.0698,4,27.679
2021,860,Florida,110.975,93.4227,68.6479,17.5522,7,34.098
2021,861,Eastern Washington,107.67,101.018,72.3499,6.65145,14,13.059
2021,862,Drexel,107.143,105.525,64.2271,1.6183,16,8.855
2021,863,Drake,113.949,99.3062,66.7599,14.6425,11,15.072
2021,864,Creighton,114.87,93.5652,69.0627,21.3051,5,30.082
2021,865,Connecticut,113.581,91.6796,66.0354,21.9011,7,31.015
2021,866,Colorado,114.417,92.7358,66.3585,21.6816,5,32.71
2021,867,Colgate,110.89,100.668,72.4472,10.2223,14,5.698
2021,868,Cleveland St.,100.852,99.4794,66.3028,1.37289,15,12.128
2021,869,Clemson,106.87,90.7046,64.2422,16.1652,7,32.216
2021,870,BYU,113.107,92.1612,67.9796,20.9462,6,29.972
2021,871,Baylor,123.265,93.7679,68.3891,29.4969,1,27.876
2021,872,Arkansas,111.502,89.9724,73.1045,21.5292,3,28.411
2021,874,Alabama,111.722,86.734,73.9267,24.9876,2,31.992
2021,875,Abilene Christian,103.047,92.9196,69.9524,10.1273,14,9.607
2022,21,Bryant,104.211,105.162,72.1799,-0.95048,16,9.639
2022,172,Rutgers,106.375,95.5107,64.9317,10.8648,11,28.945
2022,202,Texas A&M Corpus Chris,96.9771,103.288,68.9287,-6.3107,16,7.53
2022,243,Wyoming,110.173,97.0777,66.0062,13.0956,12,21.516
2022,876,Yale,101.474,99.2392,68.6807,2.23432,14,14.651
2022,878,Wright St.,106.365,107.231,68.4334,-0.86607,16,8.923
2022,879,Wisconsin,110.398,94.8142,66.466,15.5839,3,31.803
2022,880,Virginia Tech,114.268,96.4045,62.9067,17.8634,11,28.436
2022,881,Villanova,117.95,93.8397,62.55,24.1107,2,31.835
2022,882,Vermont,110.775,97.7084,64.9527,13.0669,13,8.437
2022,883,USC,110.473,96.0232,66.022,14.4494,7,24.007
2022,884,UCLA,116.076,91.2287,65.5444,24.8472,4,27.038
2022,885,UAB,112.489,98.456,68.7871,14.0333,12,14.007
2022,886,Texas Tech,109.701,85.0595,66.455,24.641,3,35.796
2022,887,Texas Southern,98.1424,99.4749,67.6207,-1.33245,16,11.938
2022,889,Texas,111.812,91.4059,63.0969,20.4063,6,35.097
2022,890,Tennessee,111.439,86.1987,67.1668,25.2399,3,34.071
2022,891,TCU,108.261,93.3525,65.834,14.909,9,36.146
2022,892,South Dakota St.,116.763,105.32,69.4008,11.4429,13,11.018
2022,893,Seton Hall,108.487,93.5199,67.2574,14.967,8,28.752
2022,894,San Francisco,110.756,92.3886,68.6767,18.3679,10,24.113
2022,895,San Diego St.,104.106,85.9549,65.2809,18.151,8,23.962
2022,896,Saint Peter's,98.7512,94.4758,65.9614,4.27548,15,12.317
2022,897,Saint Mary's,109.764,89.9554,63.493,19.8082,5,25.887
2022,899,Richmond,109.146,99.3205,66.8627,9.82501,12,19.541
2022,900,Purdue,121.268,98.9804,65.764,22.2872,3,30.201
2022,901,Providence,111.929,98.0491,65.193,13.8797,4,25.783
2022,902,Ohio St.,116.627,100.804,64.9727,15.8224,7,29.666
2022,903,Notre Dame,111.997,98.3632,65.7294,13.6336,11,27.584
2022,904,North Carolina,113.057,97.0108,70.1492,16.0459,8,29.665
2022,905,Norfolk St.,102.43,102.285,66.9322,0.14543,16,6.905
2022,906,New Mexico St.,107.805,97.7021,66.1724,10.1026,12,14.913
2022,907,Murray St.,111.518,95.1287,65.7834,16.389,7,12.852
2022,908,Montana St.,104.531,100.723,67.294,3.80856,14,7.984
2022,909,Michigan St.,111.275,96.4032,67.5067,14.8717,7,32.331
2022,910,Michigan,114.207,98.5588,66.285,15.6481,11,34.033
2022,911,Miami FL,114.756,102.136,67.2783,12.6207,10,27.253
2022,912,Memphis,110.368,94.1479,70.2976,16.2198,9,26.062
2022,913,Marquette,109.787,95.785,70.6644,14.0024,9,29.119
2022,914,LSU,107.64,88.5581,68.6446,19.0816,6,30.073
2022,915,Loyola Chicago,110.891,93.196,64.5889,17.6948,10,19.04
2022,916,Longwood,106.108,103.624,66.0454,2.48399,14,8.664
2022,917,Kentucky,120.191,93.5959,67.3275,26.5948,2,32.472
2022,918,Kansas,119.389,93.8965,69.0976,25.492,1,36.398
2022,919,Jacksonville St.,105.325,103.083,65.1165,2.24147,15,10.698
2022,920,Iowa St.,104.382,90.4362,66.0731,13.9459,11,36.278
2022,921,Iowa,121.548,98.0208,69.5965,23.5269,5,28.129
2022,922,Indiana,107.558,92.6213,66.9603,14.9367,12,29.313
2022,923,Illinois,113.725,94.138,67.0758,19.5866,4,30.786
2022,924,Houston,117.348,90.8508,63.8376,26.4976,5,22.655
2022,925,Gonzaga,121.805,88.836,72.4831,32.9688,1,24.951
2022,926,Georgia St.,101.532,99.6875,67.1142,1.84485,16,12.187
2022,927,Duke,119.363,95.6508,67.3866,23.7124,2,28.364
2022,928,Delaware,106.849,104.566,66.6342,2.283,15,12.584
2022,929,Davidson,116.781,101.978,64.6212,14.8028,10,16.861
2022,930,Creighton,105.588,92.1195,66.8916,13.4685,9,27.539
2022,931,Connecticut,113.924,94.5963,64.8837,19.3281,5,27.203
2022,932,Colorado St.,114.159,98.3029,65.0792,15.8566,6,22.01
2022,933,Colgate,108.276,104.059,67.2561,4.21729,14,9.704
2022,934,Chattanooga,110.028,98.756,64.6362,11.2724,13,14.52
2022,935,Cal St. Fullerton,104.656,102.553,65.9926,2.10306,15,10.89
2022,937,Boise St.,108.443,92.0306,64.6171,16.412,8,21.555
2022,938,Baylor,117.874,91.5538,67.2084,26.3204,1,35.472
2022,939,Auburn,113.602,89.1491,70.0205,24.453,2,27.557
2022,940,Arkansas,111.072,92.0511,70.59,19.0214,4,27.25
2022,941,Arizona,119.64,92.431,72.1752,27.2089,1,24.936
2022,942,Alabama,116.098,98.7358,71.7144,17.3625,6,34.827
2022,943,Akron,106.151,102.661,62.0745,3.48951,13,9.639
2023,120,Mississippi St.,105.451,91.3344,63.8156,14.1161,11,28.179
2023,130,Nevada,112.039,97.2466,66.0568,14.7927,11,24.07
2023,188,Southeast Missouri St.,100.937,108.149,72.5476,-7.21197,16,8.545
2023,203,Texas Southern,96.5543,106.264,69.324,-9.71,16,14.83
2023,944,Xavier,119.297,99.604,70.3573,19.693,3,31.866
2023,945,West Virginia,117.144,97.9996,68.8537,19.1445,9,35.542
2023,946,Virginia,111.166,94.7544,61.5696,16.4114,4,24.745
2023,947,Vermont,109.778,104.357,64.6048,5.42124,15,13.048
2023,948,VCU,107.195,94.0449,68.0086,13.1498,12,15.572
2023,949,Utah St.,117.762,98.8807,68.7801,18.8814,10,22.797
2023,950,USC,113.122,97.4891,68.1465,15.6327,10,27.758
2023,951,UNC Asheville,104.141,102.635,68.5066,1.50642,15,10.618
2023,952,UCLA,114.875,87.2423,66.2741,27.6323,2,28.811
2023,953,UC Santa Barbara,111.335,104.693,64.9567,6.6422,14,10.607
2023,955,Texas A&M Corpus Chris,107.367,107.592,69.2572,-0.22505,16,9.546
2023,956,Texas A&M,114.483,96.1997,66.1613,18.2834,7,27.473
2023,957,Texas,116.581,92.0106,69.1219,24.5707,2,34.531
2023,958,Tennessee,112.675,87.97,65.5272,24.7052,4,28.429
2023,959,TCU,112.366,94.3027,69.8117,18.0633,6,32.804
2023,961,San Diego St.,111.929,91.6744,66.009,20.2549,5,25.602
2023,962,Saint Mary's,113.47,91.5736,61.7454,21.896,5,22.971
2023,963,Purdue,119.362,94.8154,64.3846,24.5463,1,31.016
2023,964,Providence,116.847,102.117,66.9051,14.7305,11,29.545
2023,965,Princeton,109.093,103.527,67.4503,5.5658,15,11.173
2023,966,Pittsburgh,115.103,103.837,67.3196,11.2663,11,23.352
2023,967,Penn St.,116.826,101.79,64.6096,15.0367,10,29.963
2023,968,Oral Roberts,115.289,102.04,70.4986,13.2487,12,13.482
2023,969,Northwestern,108.511,93.6787,64.9195,14.8321,7,28.65
2023,970,Northern Kentucky,103.337,102.82,62.0433,0.516867,16,10.838
2023,971,North Carolina St.,113.894,100.589,69.1326,13.3052,11,24.085
2023,973,Montana St.,105.36,99.6121,66.4692,5.74793,14,13.113
2023,974,Missouri,119.289,105.37,69.1078,13.9186,7,28.374
2023,976,Michigan St.,113.4,96.6898,64.9304,16.7099,7,34.618
2023,977,Miami FL,118.233,103.319,68.8527,14.9148,5,23.676
2023,978,Memphis,114.701,96.0133,71.7989,18.6881,8,27.313
2023,979,Maryland,114.136,95.7662,64.6104,18.3703,8,29.227
2023,980,Marquette,119.308,97.4789,68.3572,21.8296,2,30.614
2023,981,Louisiana Lafayette,112.243,104.042,68.4083,8.20091,13,14.493
2023,982,Kentucky,117.41,99.6115,66.0118,17.7987,6,29.746
2023,983,Kent St.,108.347,96.4498,68.0538,11.8972,13,14.799
2023,984,Kennesaw St.,106.304,102.661,68.5425,3.64263,14,14.413
2023,985,Kansas St.,112.516,94.2021,70.2112,18.3143,3,30.879
2023,986,Kansas,114.61,91.4741,69.2715,23.1356,1,38.229
2023,987,Iowa St.,109.884,91.5493,64.3155,18.3345,6,37.116
2023,988,Iowa,120.475,104.873,69.5377,15.6021,8,30.692
2023,989,Iona,110.856,99.1448,68.8987,11.7114,13,9.85
2023,990,Indiana,114.651,97.2921,68.1266,17.3586,4,33.014
2023,991,Illinois,112.167,95.6864,69.3873,16.4805,9,30.112
2023,992,Howard,103.701,106.914,68.9681,-3.21361,16,9.971
2023,993,Houston,118.387,89.5678,63.3299,28.8196,1,23.376
2023,994,Grand Canyon,112.317,106.325,65.1541,5.99141,14,14.646
2023,995,Gonzaga,124.004,99.6937,70.0663,24.3101,3,26.846
2023,996,Furman,114.2,105.775,68.4584,8.42507,13,10.319
2023,997,Florida Atlantic,114.275,96.0455,68.4356,18.2298,9,16.095
2023,998,Fairleigh Dickinson,106.175,118.425,68.7636,-12.2499,16,5.422
2023,999,Duke,113.242,94.7531,65.258,18.4885,5,26.527
2023,1000,Drake,109.84,97.3312,66.4238,12.5086,12,12.124
2023,1001,Creighton,114.621,93.9665,67.9808,20.6545,6,32.269
2023,1002,Connecticut,119.437,94.0686,66.6901,25.3686,4,29.244
2023,1003,College of Charleston,111.378,99.6171,70.9567,11.7607,12,8.862
2023,1004,Colgate,112.963,107.67,67.8783,5.29267,15,8.434
2023,1005,Boise St.,110.969,93.8352,66.5002,17.1342,10,24.425
2023,1006,Baylor,121.852,101.871,66.551,19.9811,3,36.633
2023,1007,Auburn,112.689,95.2408,67.6112,17.4484,9,30.519
2023,1008,Arkansas,112.596,93.9677,69.6808,18.6287,8,30.654
2023,1009,Arizona St.,107.586,95.2101,68.4035,12.3762,11,28.637
2023,1010,Arizona,119.979,97.1195,72.3118,22.8595,2,29.572
2023,1011,Alabama,116.097,88.5549,72.7469,27.5425,1,33.7
2024,17,Boise St.,113.974,97.5892,66.807,16.3847,10,27.69
2024,77,Howard,105.489,113.752,67.5375,-8.26281,16,8.38
2024,124,Montana St.,103.305,107.206,68.7956,-3.90152,16,9.572
2024,229,Virginia,105.422,93.3467,59.9122,12.0752,10,25.743
2024,1012,Yale,110.825,101.352,64.5226,9.47275,13,16.194
2024,1013,Wisconsin,120.06,99.4602,65.1538,20.6003,5,37.153
2024,1014,Western Kentucky,105.552,102.489,75.1443,3.06263,15,9.879
2024,1015,Washington St.,113.431,97.215,64.8206,16.2158,7,25.215
2024,1016,Wagner,95.7835,105.878,61.253,-10.0944,16,8.04
2024,1018,Vermont,107.122,100.145,63.2333,6.9772,13,10.22
2024,1019,Utah St.,115.617,100.502,68.5319,15.1147,8,22.529
2024,1020,UAB,113.68,107.398,67.7997,6.28179,12,17.731
2024,1021,Texas Tech,117.943,99.3985,66.6408,18.5448,6,32.55
2024,1022,Texas A&M,115.996,99.8885,65.8429,16.108,9,33.304
2024,1023,Texas,118.526,100.122,67.1608,18.4034,7,33.846
2024,1024,Tennessee,117.021,91.0499,69.2023,25.9712,2,34.068
2024,1025,TCU,115.101,97.8088,69.6651,17.2923,9,32.604
2024,1026,Stetson,110.262,114.366,66.1646,-4.1041,16,12.662
2024,1027,South Dakota St.,108.662,105.674,67.8617,2.98745,15,9.978
2024,1028,South Carolina,114.735,99.6715,62.8651,15.0632,6,28.077
2024,1029,San Diego St.,113.548,93.8492,65.9846,19.6993,5,30.359
2024,1030,Samford,113.083,103.291,72.4779,9.79228,13,11.368
2024,1031,Saint Peter's,98.5882,100.91,63.9542,-2.32142,15,9.395
2024,1032,Saint Mary's,114.901,95.0132,61.9463,19.888,5,19.572
2024,1033,Purdue,124.988,95.87,67.3784,29.1183,1,36.076
2024,1034,Oregon,114.036,100.607,67.1541,13.4292,11,28.128
2024,1035,Oakland,108.593,105.776,66.6629,2.81743,14,15.066
2024,1036,Northwestern,116.657,100.752,63.7214,15.9057,9,30.87
2024,1037,North Carolina St.,114.385,101.329,68.0599,13.056,11,28.902
2024,1038,North Carolina,117.796,93.151,70.4477,24.6454,1,30.665
2024,1039,New Mexico,115.411,96.4738,72.6803,18.9368,11,23.773
2024,1040,Nevada,115.55,98.7358,66.6449,16.814,10,22.983
2024,1041,Nebraska,115.866,97.6744,68.6104,18.1912,8,29.05
2024,1042,Morehead St.,108.989,103.52,64.2353,5.46884,14,11.774
2024,1044,Mississippi St.,113.678,95.6951,67.0503,17.9825,8,32.154
2024,1045,Michigan St.,113.76,93.7263,65.1889,20.0339,9,34.196
2024,1046,McNeese St.,114.033,101.171,65.5793,12.8626,12,8.837
2024,1047,Marquette,118.294,95.5576,68.9774,22.7369,2,37.073
2024,1048,Longwood,105.712,104.753,66.7619,0.95941,16,9.715
2024,1049,Long Beach St.,107.857,107.862,71.1635,-0.00456917,15,12.603
2024,1050,Kentucky,122.742,102.724,72.636,20.018,3,29.177
2024,1051,Kansas,113.382,94.1566,68.9392,19.2256,4,37.263
2024,1052,James Madison,113.858,100.958,69.4753,12.9001,12,9.457
2024,1053,Iowa St.,113.864,87.1458,67.3399,26.7178,2,33.017
2024,1054,Illinois,125.551,101.564,69.8886,23.9871,3,32.635
2024,1056,Houston,118.868,87.1492,63.2681,31.7188,1,34.485
2024,1057,Grand Canyon,113.478,99.5638,68.1093,13.9138,12,11.307
2024,1058,Grambling St.,99.2736,107.084,64.8232,-7.80999,16,15.298
2024,1059,Gonzaga,120.997,99.4329,69.0926,21.5641,5,23.847
2024,1060,Florida Atlantic,118.961,102.725,68.0531,16.2359,8,20.437
2024,1061,Florida,119.317,101.129,71.6913,18.1884,7,31.29
2024,1062,Duquesne,106.921,97.5497,66.3236,9.37104,11,19.651
2024,1063,Duke,121.827,96.9502,66.6784,24.8767,4,26.968
2024,1064,Drake,115.619,100.904,67.8384,14.7142,10,16.549
2024,1065,Dayton,118.601,101.304,64.1776,17.2975,7,23.183
2024,1066,Creighton,120.091,96.6912,67.0297,23.3993,3,33.229
2024,1067,Connecticut,126.608,94.3949,64.4543,32.213,1,33.643
2024,1068,Colorado St.,115.382,98.779,65.8043,16.6027,10,27.18
2024,1069,Colorado,117.579,99.1127,67.5085,18.4666,10,26.08
2024,1070,College of Charleston,113.736,106.128,69.7757,7.60727,13,11.135
2024,1071,Colgate,104.65,102.5,66.2225,2.15009,14,11.19
2024,1072,Clemson,117.426,100.489,66.1056,16.9371,6,28.597
2024,1073,BYU,120.486,99.4765,69.0581,21.0091,6,30.879
2024,1075,Baylor,122.49,100.185,65.6032,22.305,3,37.902
2024,1076,Auburn,120.579,91.6765,69.7887,28.9026,4,28.032
2024,1077,Arizona,121.125,94.5013,71.8379,26.6237,2,29.931
2024,1078,Alabama,125.601,103.118,72.6461,22.4828,4,36.254
2024,1079,Akron,107.009,102.072,65.8933,4.93709,14,11.931
2025,6,American,102.095,108.071,63.5548,-5.9762,16,8.755
2025,179,San Diego St.,109.848,93.5742,66.1184,16.2735,11,27.647
2025,200,Texas,116.755,99.6019,67.4356,17.1527,11,37.234
2025,254,Saint Francis,99.7234,112.484,66.9974,-12.7602,16,12.764
2025,1080,Yale,114.444,103.508,67.4019,10.9363,13,11.606
2025,1081,Xavier,115.459,98.2866,69.1435,17.1723,11,28.812
2025,1082,Wofford,113.682,109.523,64.1094,4.15908,15,12.682
2025,1083,Wisconsin,123.276,96.8339,67.7504,26.4425,3,35.559
2025,1084,VCU,116.251,95.5473,66.1584,20.7041,11,16.375
2025,1085,Vanderbilt,118.017,101.854,69.5281,16.1626,10,35.986
2025,1086,Utah St.,120.785,105.555,67.6245,15.2291,10,23.021
2025,1087,UNC Wilmington,112.326,107.183,65.3908,5.14288,14,8.683
2025,1088,UCLA,116.828,95.0405,64.9617,21.7873,7,34.636
2025,1089,UC San Diego,115.29,96.5133,65.7295,18.7768,12,12.106
2025,1090,Troy,107.706,100.828,66.3679,6.87801,14,14.121
2025,1091,Texas Tech,125.335,97.2799,65.4879,28.0555,3,35.224
2025,1092,Texas A&M,116.281,92.2075,66.2185,24.0735,4,39.956
2025,1094,Tennessee,119.981,88.5426,63.6241,31.4386,2,41.282
2025,1095,St. John's,113.938,87.5628,70.1918,26.3752,2,27.94
2025,1096,SIU Edwardsville,101.933,106.247,65.8961,-4.31392,16,8.164
2025,1098,Saint Mary's,115.324,92.2318,61.7537,23.0917,7,22.682
2025,1100,Robert Morris,107.033,104.951,67.8393,2.08242,15,8.247
2025,1101,Purdue,124.163,100.363,65.0357,23.8002,4,38.46
2025,1102,Oregon,116.643,96.4943,67.673,20.149,5,35.999
2025,1103,Oklahoma,119.062,100.717,68.6051,18.345,9,39.435
2025,1104,North Carolina,118.913,99.3766,70.5124,19.5367,11,35.154
2025,1105,Norfolk St.,107.201,108.723,66.4103,-1.52118,16,12.001
2025,1106,New Mexico,112.545,95.2167,72.7518,17.3279,10,24.388
2025,1107,Nebraska Omaha,111.099,110.588,67.7809,0.511031,15,13.045
2025,1108,Mount St. Mary's,100.191,106.864,67.4378,-6.67224,16,8.934
2025,1109,Montana,110.837,110.443,67.1057,0.39472,14,15.101
2025,1110,Missouri,125.359,100.97,68.279,24.3888,6,36.393
2025,1111,Mississippi St.,118.786,98.6992,68.2016,20.0867,8,38.324
2025,1112,Mississippi,117.897,95.8241,68.1108,22.0726,6,41.324
2025,1113,Michigan St.,118.056,90.49,67.7809,27.5664,2,34.707
2025,1114,Michigan,116.787,94.9671,69.6043,21.8201,5,37.294
2025,1115,Memphis,113.302,98.1617,70.8385,15.1407,5,23.012
2025,1116,McNeese St.,114.303,100.611,65.427,13.6921,12,12.768
2025,1117,Maryland,118.089,91.7546,69.8717,26.3341,4,31.337
2025,1118,Marquette,117.695,96.1073,67.6373,21.5878,7,34.207
2025,1119,Louisville,118.177,95.5301,68.826,22.6465,8,29.98
2025,1120,Lipscomb,112.711,103.225,65.9466,9.48582,14,11.694
2025,1121,Liberty,112.496,98.9632,65.3931,13.5325,12,13.412
2025,1122,Kentucky,123.868,99.6111,71.013,24.2565,3,43.526
2025,1123,Kansas,116.021,92.761,68.4297,23.2603,7,41.748
2025,1124,Iowa St.,119.483,92.4824,68.6373,27.0002,3,36.738
2025,1125,Illinois,121.633,98.0448,71.4016,23.5881,6,39.298
2025,1126,Houston,123.269,87.8253,61.5016,35.4439,1,38.577
2025,1127,High Point,118.496,109.181,66.4904,9.31501,13,6.978
2025,1128,Grand Canyon,107.859,100.641,71.5151,7.21812,13,10.398
2025,1129,Gonzaga,123.611,96.3216,70.2431,27.2891,8,26.112
2025,1130,Georgia,115.468,96.1035,66.4963,19.3641,9,37.778
2025,1131,Florida,127.938,92.1126,69.5912,35.8258,1,37.75
2025,1132,Duke,127.999,89.847,65.803,38.1518,1,30.63
2025,1133,Drake,112.641,98.498,58.8833,14.1426,11,12.625
2025,1134,Creighton,116.968,98.2653,67.1073,18.7025,9,31.577
2025,1135,Connecticut,121.965,102.633,63.7849,19.3318,8,30.085
2025,1136,Colorado St.,116.276,98.977,66.0287,17.2994,12,22.886
2025,1137,Clemson,118.69,94.7724,64.3278,23.9175,5,26.367
2025,1138,BYU,123.05,100.654,67.3028,22.3965,6,35.191
2025,1139,Bryant,106.725,105.547,72.5242,1.17756,15,9.31
2025,1140,Baylor,120.886,99.7268,64.5974,21.1589,9,42.981
2025,1141,Auburn,128.505,93.4663,67.6684,35.0385,1,45.564
2025,1142,Arkansas,112.943,95.2503,69.4097,17.6925,10,36.561
2025,1143,Arizona,122.567,96.8244,69.9324,25.7423,4,44.259
2025,1145,Alabama St.,101.454,110.689,67.824,-9.235,16,11.608
2025,1146,Alabama,126.598,96.6919,74.9404,29.9064,2,46.471
2025,1147,Akron,113.749,107.176,71.4456,6.57261,13,9.759
2026,2,Akron,118.82,106.022,70.2733,12.7986,12,11.162
2026,3,Alabama,129.004,103.284,73.087,25.7196,4,40.729
2026,8,Arizona,127.676,90.0201,69.7911,37.6556,1,38.751
2026,10,Arkansas,127.658,101.605,70.9979,26.0527,4,38.371
2026,25,BYU,125.46,102.214,69.9244,23.2459,6,38.234
2026,33,Clemson,116.522,97.2852,64.21,19.2364,8,31.538
2026,40,Connecticut,121.986,94.1163,64.4462,27.8694,2,33.294
2026,50,Duke,127.956,89.0562,65.3455,38.8998,1,38.433
2026,55,Florida,125.535,91.7424,70.5421,33.7928,1,39.255
2026,60,Furman,107.451,109.43,65.8575,-1.9789,15,7.376
2026,65,Georgia,124.681,104.202,71.378,20.4792,8,32.391
2026,68,Gonzaga,121.99,93.8895,68.5871,28.1006,3,24.986
2026,74,Hawaii,107.129,101.163,69.6586,5.96572,13,10.053
2026,76,Houston,124.864,91.4372,63.2742,33.4265,2,36.826
2026,77,Howard,103.142,106.331,68.9954,-3.18939,16,8.612
2026,78,Illinois,131.176,99.0756,65.5241,32.1008,3,38.28
2026,82,Iowa,121.742,99.2974,63.0052,22.4441,9,35.51
2026,83,Iowa St.,123.826,91.4031,66.5484,32.423,2,35.368
2026,86,Kansas,118.33,93.8906,67.6362,24.4399,4,41.65
2026,88,Kennesaw St.,110.636,110.064,71.1569,0.572421,14,11.706
2026,90,Kentucky,120.516,99.0324,68.34,21.4832,7,40.797
2026,94,Lehigh,102.717,113.086,66.8824,-10.3689,16,9.479
2026,98,LIU Brooklyn,105.631,109.582,67.7741,-3.95107,16,9.691
2026,102,Louisville,124.053,98.6289,69.6486,25.4242,6,35.248
2026,113,Miami FL,121.357,100.677,67.5506,20.6799,7,29.331
2026,114,Michigan,126.626,89.0343,70.9486,37.592,1,41.856
2026,115,Michigan St.,123.049,94.7386,66.0475,28.31,3,37.86
2026,122,Missouri,119.491,104.099,66.1629,15.3923,10,34.025
2026,129,Nebraska,118.544,92.3865,66.7205,26.1577,4,35.291
2026,135,North Carolina,121.387,100.545,67.9079,20.842,6,33.421
2026,138,North Carolina St.,124.052,104.456,69.0586,19.5967,11,32.779
2026,140,North Dakota St.,111.74,106.606,66.2972,5.13396,14,8.155
2026,145,Northern Iowa,110.001,98.1918,62.2651,11.8089,12,14.539
2026,152,Ohio St.,124.305,102.066,66.0578,22.2397,8,37.869
2026,160,Penn,107.363,105.894,69.0438,1.46919,14,12.952
2026,164,Prairie View A&M,101.205,111.898,70.938,-10.6932,16,10.925
2026,167,Purdue,131.635,100.436,64.3693,31.1992,2,41.305
2026,174,Saint Louis,119.475,101.154,70.9898,18.321,9,15.895
2026,175,Saint Mary's,120.26,97.1899,65.1588,23.0701,7,22.727
2026,182,Siena,107.134,109.231,64.6233,-2.09721,16,6.825
2026,183,SMU,122.893,104.808,68.5372,18.0856,11,32.0
2026,187,South Florida,117.305,100.918,71.5099,16.3874,11,18.197
2026,192,St. John's,120.068,94.1597,69.5583,25.9079,5,31.162
2026,197,TCU,115.379,97.7924,67.6696,17.5867,9,33.811
2026,199,Tennessee,121.055,95.0297,64.973,26.0249,6,38.555
2026,200,Texas,124.97,105.937,66.8781,19.0333,11,37.671
2026,201,Texas A&M,119.69,101.022,70.4548,18.6679,10,32.472
2026,204,Texas Tech,125.05,99.8259,66.185,25.2243,5,40.139
2026,205,Troy,110.717,108.997,64.8776,1.72038,13,11.323
2026,211,UCF,120.452,105.413,69.2088,15.0386,10,33.921
2026,212,UCLA,123.728,102.061,64.6449,21.667,7,36.27
2026,213,UMBC,108.224,109.89,66.188,-1.66619,16,7.273
2026,221,Utah St.,122.132,101.374,67.6962,20.7574,9,23.033
2026,225,Vanderbilt,126.805,99.2995,68.8493,27.5051,5,37.121
2026,226,VCU,119.872,102.666,68.5071,17.2061,11,19.63
2026,228,Villanova,120.369,100.4,65.1979,19.9691,8,30.123
2026,229,Virginia,122.516,95.8064,65.7342,26.7098,3,30.582
2026,240,Wisconsin,125.348,101.954,68.7128,23.3936,5,38.176
2026,242,Wright St.,112.057,110.013,67.1597,2.04414,14,9.832
2026,248,McNeese St.,114.306,101.805,66.2315,12.5017,12,14.16
2026,252,High Point,117.048,108.644,69.8932,8.40428,12,5.665
2026,253,Cal Baptist,107.926,101.933,65.8019,5.99314,13,12.593
2026,254,Hofstra,114.57,105.077,64.6955,9.49239,13,11.966
2026,255,Idaho,108.842,107.309,67.7163,1.53307,15,11.302
2026,256,Miami OH,116.779,108.522,69.947,8.2572,11,8.266
2026,258,Queens,115.771,117.209,69.5919,-1.43724,15,14.561
2026,259,Santa Clara,123.644,104.246,69.1516,19.3981,10,24.151
2026,260,Tennessee St.,109.085,110.911,70.1975,-1.82605,15,8.742
